file,line,type,commit,author,date,time,timezone,datetime,depth,length
style.css,1,css,d53614f2,Bryan Cruz,2025-10-10,01:07:56,-07:00,2025-10-10T01:07:56-07:00,0,4
style.css,2,css,8d7ccc7e,Bryan Cruz,2025-10-17,19:50:12,-07:00,2025-10-17T19:50:12-07:00,1,23
style.css,3,css,af299041,Bryan Cruz,2025-10-17,17:41:57,-07:00,2025-10-17T17:41:57-07:00,1,23
style.css,4,css,af299041,Bryan Cruz,2025-10-17,17:41:57,-07:00,2025-10-17T17:41:57-07:00,1,16
style.css,5,css,8d7ccc7e,Bryan Cruz,2025-10-17,19:50:12,-07:00,2025-10-17T19:50:12-07:00,1,31
style.css,6,css,d53614f2,Bryan Cruz,2025-10-10,01:07:56,-07:00,2025-10-10T01:07:56-07:00,0,0
style.css,7,css,d53614f2,Bryan Cruz,2025-10-10,01:07:56,-07:00,2025-10-10T01:07:56-07:00,0,0
style.css,8,css,3ab60cdc,Bryan Cruz,2025-10-03,19:36:25,-07:00,2025-10-03T19:36:25-07:00,0,3
style.css,9,css,3ab60cdc,Bryan Cruz,2025-10-03,19:36:25,-07:00,2025-10-03T19:36:25-07:00,1,43
style.css,10,css,3ab60cdc,Bryan Cruz,2025-10-03,19:36:25,-07:00,2025-10-03T19:36:25-07:00,1,42
style.css,11,css,3ab60cdc,Bryan Cruz,2025-10-03,19:36:25,-07:00,2025-10-03T19:36:25-07:00,1,0
style.css,12,css,3ab60cdc,Bryan Cruz,2025-10-03,19:36:25,-07:00,2025-10-03T19:36:25-07:00,1,23
style.css,13,css,b2289f35,Bryan Cruz,2025-10-09,22:31:37,-07:00,2025-10-09T22:31:37-07:00,1,15
style.css,14,css,95637d1b,Bryan Cruz,2025-10-09,22:16:39,-07:00,2025-10-09T22:16:39-07:00,1,18
style.css,15,css,7f273687,Bryan Cruz,2025-10-09,22:33:30,-07:00,2025-10-09T22:33:30-07:00,1,12
style.css,16,css,3ab60cdc,Bryan Cruz,2025-10-03,19:36:25,-07:00,2025-10-03T19:36:25-07:00,0,0
style.css,17,css,15b34c5b,Bryan Cruz,2025-10-10,00:57:25,-07:00,2025-10-10T00:57:25-07:00,0,0
style.css,18,css,e95548a4,Bryan Cruz,2025-10-17,18:52:36,-07:00,2025-10-17T18:52:36-07:00,0,13
style.css,19,css,e95548a4,Bryan Cruz,2025-10-17,18:52:36,-07:00,2025-10-17T18:52:36-07:00,1,17
style.css,20,css,e95548a4,Bryan Cruz,2025-10-17,18:52:36,-07:00,2025-10-17T18:52:36-07:00,1,8
style.css,21,css,e95548a4,Bryan Cruz,2025-10-17,18:52:36,-07:00,2025-10-17T18:52:36-07:00,1,10
style.css,22,css,e95548a4,Bryan Cruz,2025-10-17,18:52:36,-07:00,2025-10-17T18:52:36-07:00,1,13
style.css,23,css,e95548a4,Bryan Cruz,2025-10-17,18:52:36,-07:00,2025-10-17T18:52:36-07:00,1,19
style.css,24,css,e95548a4,Bryan Cruz,2025-10-17,18:52:36,-07:00,2025-10-17T18:52:36-07:00,0,0
style.css,25,css,e95548a4,Bryan Cruz,2025-10-17,18:52:36,-07:00,2025-10-17T18:52:36-07:00,0,0
style.css,26,css,8d7ccc7e,Bryan Cruz,2025-10-17,19:50:12,-07:00,2025-10-17T19:50:12-07:00,0,4
style.css,27,css,8d7ccc7e,Bryan Cruz,2025-10-17,19:50:12,-07:00,2025-10-17T19:50:12-07:00,0,7
style.css,28,css,8d7ccc7e,Bryan Cruz,2025-10-17,19:50:12,-07:00,2025-10-17T19:50:12-07:00,0,5
style.css,29,css,8d7ccc7e,Bryan Cruz,2025-10-17,19:50:12,-07:00,2025-10-17T19:50:12-07:00,0,6
style.css,30,css,8d7ccc7e,Bryan Cruz,2025-10-17,19:50:12,-07:00,2025-10-17T19:50:12-07:00,1,12
style.css,31,css,8d7ccc7e,Bryan Cruz,2025-10-17,19:50:12,-07:00,2025-10-17T19:50:12-07:00,0,0
style.css,32,css,8d7ccc7e,Bryan Cruz,2025-10-17,19:50:12,-07:00,2025-10-17T19:50:12-07:00,0,0
style.css,33,css,15b34c5b,Bryan Cruz,2025-10-10,00:57:25,-07:00,2025-10-10T00:57:25-07:00,0,3
style.css,34,css,93324397,Bryan Cruz,2025-10-17,18:21:15,-07:00,2025-10-17T18:21:15-07:00,1,39
style.css,35,css,15b34c5b,Bryan Cruz,2025-10-10,00:57:25,-07:00,2025-10-10T00:57:25-07:00,1,12
style.css,36,css,15b34c5b,Bryan Cruz,2025-10-10,00:57:25,-07:00,2025-10-10T00:57:25-07:00,1,18
style.css,37,css,c4582434,Bryan Cruz,2025-10-17,18:30:03,-07:00,2025-10-17T18:30:03-07:00,1,23
style.css,38,css,c4582434,Bryan Cruz,2025-10-17,18:30:03,-07:00,2025-10-17T18:30:03-07:00,1,25
style.css,39,css,c4582434,Bryan Cruz,2025-10-17,18:30:03,-07:00,2025-10-17T18:30:03-07:00,1,39
style.css,40,css,15b34c5b,Bryan Cruz,2025-10-10,00:57:25,-07:00,2025-10-10T00:57:25-07:00,0,0
style.css,41,css,15b34c5b,Bryan Cruz,2025-10-10,00:57:25,-07:00,2025-10-10T00:57:25-07:00,0,0
style.css,42,css,15b34c5b,Bryan Cruz,2025-10-10,00:57:25,-07:00,2025-10-10T00:57:25-07:00,0,5
style.css,43,css,15b34c5b,Bryan Cruz,2025-10-10,00:57:25,-07:00,2025-10-10T00:57:25-07:00,1,6
style.css,44,css,15b34c5b,Bryan Cruz,2025-10-10,00:57:25,-07:00,2025-10-10T00:57:25-07:00,1,17
style.css,45,css,15b34c5b,Bryan Cruz,2025-10-10,00:57:25,-07:00,2025-10-10T00:57:25-07:00,1,13
style.css,46,css,15b34c5b,Bryan Cruz,2025-10-10,00:57:25,-07:00,2025-10-10T00:57:25-07:00,1,20
style.css,47,css,15b34c5b,Bryan Cruz,2025-10-10,00:57:25,-07:00,2025-10-10T00:57:25-07:00,1,14
style.css,48,css,15b34c5b,Bryan Cruz,2025-10-10,00:57:25,-07:00,2025-10-10T00:57:25-07:00,0,0
style.css,49,css,15b34c5b,Bryan Cruz,2025-10-10,00:57:25,-07:00,2025-10-10T00:57:25-07:00,0,0
style.css,50,css,15b34c5b,Bryan Cruz,2025-10-10,00:57:25,-07:00,2025-10-10T00:57:25-07:00,0,11
style.css,51,css,2ed3a4d7,Bryan Cruz,2025-10-17,19:36:37,-07:00,2025-10-17T19:36:37-07:00,1,34
style.css,52,css,d53614f2,Bryan Cruz,2025-10-10,01:07:56,-07:00,2025-10-10T01:07:56-07:00,1,45
style.css,53,css,d53614f2,Bryan Cruz,2025-10-10,01:07:56,-07:00,2025-10-10T01:07:56-07:00,1,20
style.css,54,css,15b34c5b,Bryan Cruz,2025-10-10,00:57:25,-07:00,2025-10-10T00:57:25-07:00,0,0
style.css,55,css,15b34c5b,Bryan Cruz,2025-10-10,00:57:25,-07:00,2025-10-10T00:57:25-07:00,0,0
style.css,56,css,15b34c5b,Bryan Cruz,2025-10-10,00:57:25,-07:00,2025-10-10T00:57:25-07:00,0,12
style.css,57,css,93324397,Bryan Cruz,2025-10-17,18:21:15,-07:00,2025-10-17T18:21:15-07:00,1,45
style.css,58,css,d53614f2,Bryan Cruz,2025-10-10,01:07:56,-07:00,2025-10-10T01:07:56-07:00,1,20
style.css,59,css,15b34c5b,Bryan Cruz,2025-10-10,00:57:25,-07:00,2025-10-10T00:57:25-07:00,1,16
style.css,60,css,15b34c5b,Bryan Cruz,2025-10-10,00:57:25,-07:00,2025-10-10T00:57:25-07:00,0,0
style.css,61,css,3d035938,Bryan Cruz,2025-10-10,02:24:08,-07:00,2025-10-10T02:24:08-07:00,0,0
style.css,62,css,3d035938,Bryan Cruz,2025-10-10,02:24:08,-07:00,2025-10-10T02:24:08-07:00,0,4
style.css,63,css,3d035938,Bryan Cruz,2025-10-10,02:24:08,-07:00,2025-10-10T02:24:08-07:00,1,12
style.css,64,css,3d035938,Bryan Cruz,2025-10-10,02:24:08,-07:00,2025-10-10T02:24:08-07:00,1,30
style.css,65,css,3d035938,Bryan Cruz,2025-10-10,02:24:08,-07:00,2025-10-10T02:24:08-07:00,1,7
style.css,66,css,3d035938,Bryan Cruz,2025-10-10,02:24:08,-07:00,2025-10-10T02:24:08-07:00,0,0
style.css,67,css,3d035938,Bryan Cruz,2025-10-10,02:24:08,-07:00,2025-10-10T02:24:08-07:00,0,0
style.css,68,css,3d035938,Bryan Cruz,2025-10-10,02:24:08,-07:00,2025-10-10T02:24:08-07:00,0,5
style.css,69,css,3d035938,Bryan Cruz,2025-10-10,02:24:08,-07:00,2025-10-10T02:24:08-07:00,1,12
style.css,70,css,3d035938,Bryan Cruz,2025-10-10,02:24:08,-07:00,2025-10-10T02:24:08-07:00,1,29
style.css,71,css,3d035938,Bryan Cruz,2025-10-10,02:24:08,-07:00,2025-10-10T02:24:08-07:00,1,18
style.css,72,css,3d035938,Bryan Cruz,2025-10-10,02:24:08,-07:00,2025-10-10T02:24:08-07:00,0,0
style.css,73,css,3d035938,Bryan Cruz,2025-10-10,02:24:08,-07:00,2025-10-10T02:24:08-07:00,0,0
style.css,74,css,3d035938,Bryan Cruz,2025-10-10,02:24:08,-07:00,2025-10-10T02:24:08-07:00,0,6
style.css,75,css,3d035938,Bryan Cruz,2025-10-10,02:24:08,-07:00,2025-10-10T02:24:08-07:00,1,18
style.css,76,css,3d035938,Bryan Cruz,2025-10-10,02:24:08,-07:00,2025-10-10T02:24:08-07:00,1,18
style.css,77,css,3d035938,Bryan Cruz,2025-10-10,02:24:08,-07:00,2025-10-10T02:24:08-07:00,1,17
style.css,78,css,3d035938,Bryan Cruz,2025-10-10,02:24:08,-07:00,2025-10-10T02:24:08-07:00,0,0
style.css,79,css,848470ed,Bryan Cruz,2025-10-10,03:11:15,-07:00,2025-10-10T03:11:15-07:00,0,0
style.css,80,css,848470ed,Bryan Cruz,2025-10-10,03:11:15,-07:00,2025-10-10T03:11:15-07:00,0,9
style.css,81,css,848470ed,Bryan Cruz,2025-10-10,03:11:15,-07:00,2025-10-10T03:11:15-07:00,1,12
style.css,82,css,848470ed,Bryan Cruz,2025-10-10,03:11:15,-07:00,2025-10-10T03:11:15-07:00,1,58
style.css,83,css,46205efe,Bryan Cruz,2025-10-10,11:20:42,-07:00,2025-10-10T11:20:42-07:00,1,7
style.css,84,css,46205efe,Bryan Cruz,2025-10-10,11:20:42,-07:00,2025-10-10T11:20:42-07:00,0,0
style.css,85,css,46205efe,Bryan Cruz,2025-10-10,11:20:42,-07:00,2025-10-10T11:20:42-07:00,0,0
style.css,86,css,46205efe,Bryan Cruz,2025-10-10,11:20:42,-07:00,2025-10-10T11:20:42-07:00,0,17
style.css,87,css,46205efe,Bryan Cruz,2025-10-10,11:20:42,-07:00,2025-10-10T11:20:42-07:00,1,12
style.css,88,css,46205efe,Bryan Cruz,2025-10-10,11:20:42,-07:00,2025-10-10T11:20:42-07:00,1,26
style.css,89,css,46205efe,Bryan Cruz,2025-10-10,11:20:42,-07:00,2025-10-10T11:20:42-07:00,1,15
style.css,90,css,46205efe,Bryan Cruz,2025-10-10,11:20:42,-07:00,2025-10-10T11:20:42-07:00,1,7
style.css,91,css,46205efe,Bryan Cruz,2025-10-10,11:20:42,-07:00,2025-10-10T11:20:42-07:00,0,0
style.css,92,css,46205efe,Bryan Cruz,2025-10-10,11:20:42,-07:00,2025-10-10T11:20:42-07:00,0,0
style.css,93,css,46205efe,Bryan Cruz,2025-10-10,11:20:42,-07:00,2025-10-10T11:20:42-07:00,0,20
style.css,94,css,46205efe,Bryan Cruz,2025-10-10,11:20:42,-07:00,2025-10-10T11:20:42-07:00,1,8
style.css,95,css,848470ed,Bryan Cruz,2025-10-10,03:11:15,-07:00,2025-10-10T03:11:15-07:00,0,0
style.css,96,css,e882f30b,Bryan Cruz,2025-10-10,11:30:20,-07:00,2025-10-10T11:30:20-07:00,0,0
style.css,97,css,6fa15512,bscruzin,2025-10-31,21:19:23,-07:00,2025-10-31T21:19:23-07:00,0,12
style.css,98,css,6fa15512,bscruzin,2025-10-31,21:19:23,-07:00,2025-10-31T21:19:23-07:00,1,12
style.css,99,css,6fa15512,bscruzin,2025-10-31,21:19:23,-07:00,2025-10-31T21:19:23-07:00,1,21
style.css,100,css,6fa15512,bscruzin,2025-10-31,21:19:23,-07:00,2025-10-31T21:19:23-07:00,1,10
style.css,101,css,6fa15512,bscruzin,2025-10-31,21:19:23,-07:00,2025-10-31T21:19:23-07:00,0,0
style.css,102,css,6fa15512,bscruzin,2025-10-31,21:19:23,-07:00,2025-10-31T21:19:23-07:00,0,0
style.css,103,css,6fa15512,bscruzin,2025-10-31,21:19:23,-07:00,2025-10-31T21:19:23-07:00,0,4
style.css,104,css,6fa15512,bscruzin,2025-10-31,21:19:23,-07:00,2025-10-31T21:19:23-07:00,1,17
style.css,105,css,6fa15512,bscruzin,2025-10-31,21:19:23,-07:00,2025-10-31T21:19:23-07:00,1,10
style.css,106,css,6fa15512,bscruzin,2025-10-31,21:19:23,-07:00,2025-10-31T21:19:23-07:00,1,17
style.css,107,css,6fa15512,bscruzin,2025-10-31,21:19:23,-07:00,2025-10-31T21:19:23-07:00,0,0
style.css,108,css,6fa15512,bscruzin,2025-10-31,21:19:23,-07:00,2025-10-31T21:19:23-07:00,0,0
style.css,109,css,6fa15512,bscruzin,2025-10-31,21:19:23,-07:00,2025-10-31T21:19:23-07:00,0,0
style.css,110,css,e882f30b,Bryan Cruz,2025-10-10,11:30:20,-07:00,2025-10-10T11:30:20-07:00,0,22
style.css,111,css,e882f30b,Bryan Cruz,2025-10-10,11:30:20,-07:00,2025-10-10T11:30:20-07:00,1,15
style.css,112,css,6fa15512,bscruzin,2025-10-31,21:19:23,-07:00,2025-10-31T21:19:23-07:00,1,17
style.css,113,css,e882f30b,Bryan Cruz,2025-10-10,11:30:20,-07:00,2025-10-10T11:30:20-07:00,0,0
style.css,114,css,e882f30b,Bryan Cruz,2025-10-10,11:30:20,-07:00,2025-10-10T11:30:20-07:00,1,5
style.css,115,css,e882f30b,Bryan Cruz,2025-10-10,11:30:20,-07:00,2025-10-10T11:30:20-07:00,2,17
style.css,116,css,e882f30b,Bryan Cruz,2025-10-10,11:30:20,-07:00,2025-10-10T11:30:20-07:00,1,0
style.css,117,css,e882f30b,Bryan Cruz,2025-10-10,11:30:20,-07:00,2025-10-10T11:30:20-07:00,0,0
style.css,118,css,e882f30b,Bryan Cruz,2025-10-10,11:30:20,-07:00,2025-10-10T11:30:20-07:00,0,0
style.css,119,css,e882f30b,Bryan Cruz,2025-10-10,11:30:20,-07:00,2025-10-10T11:30:20-07:00,0,2
style.css,120,css,e882f30b,Bryan Cruz,2025-10-10,11:30:20,-07:00,2025-10-10T11:30:20-07:00,1,14
style.css,121,css,e882f30b,Bryan Cruz,2025-10-10,11:30:20,-07:00,2025-10-10T11:30:20-07:00,0,0
style.css,122,css,e882f30b,Bryan Cruz,2025-10-10,11:30:20,-07:00,2025-10-10T11:30:20-07:00,0,0
style.css,123,css,e882f30b,Bryan Cruz,2025-10-10,11:30:20,-07:00,2025-10-10T11:30:20-07:00,0,2
style.css,124,css,e882f30b,Bryan Cruz,2025-10-10,11:30:20,-07:00,2025-10-10T11:30:20-07:00,1,14
style.css,125,css,e882f30b,Bryan Cruz,2025-10-10,11:30:20,-07:00,2025-10-10T11:30:20-07:00,0,0
style.css,126,css,59cb4a7a,Bryan Cruz,2025-10-10,21:25:14,-07:00,2025-10-10T21:25:14-07:00,0,0
style.css,127,css,59cb4a7a,Bryan Cruz,2025-10-10,21:25:14,-07:00,2025-10-10T21:25:14-07:00,0,6
style.css,128,css,59cb4a7a,Bryan Cruz,2025-10-10,21:25:14,-07:00,2025-10-10T21:25:14-07:00,1,14
style.css,129,css,8d7ccc7e,Bryan Cruz,2025-10-17,19:50:12,-07:00,2025-10-17T19:50:12-07:00,1,16
style.css,130,css,59cb4a7a,Bryan Cruz,2025-10-10,21:25:14,-07:00,2025-10-10T21:25:14-07:00,0,0
style.css,131,css,59cb4a7a,Bryan Cruz,2025-10-10,21:25:14,-07:00,2025-10-10T21:25:14-07:00,0,0
style.css,132,css,59cb4a7a,Bryan Cruz,2025-10-10,21:25:14,-07:00,2025-10-10T21:25:14-07:00,0,6
style.css,133,css,59cb4a7a,Bryan Cruz,2025-10-10,21:25:14,-07:00,2025-10-10T21:25:14-07:00,1,14
style.css,134,css,1f6537c4,Bryan Cruz,2025-10-10,21:30:20,-07:00,2025-10-10T21:30:20-07:00,1,24
style.css,135,css,1f6537c4,Bryan Cruz,2025-10-10,21:30:20,-07:00,2025-10-10T21:30:20-07:00,1,15
style.css,136,css,59cb4a7a,Bryan Cruz,2025-10-10,21:25:14,-07:00,2025-10-10T21:25:14-07:00,0,0
style.css,137,css,59cb4a7a,Bryan Cruz,2025-10-10,21:25:14,-07:00,2025-10-10T21:25:14-07:00,0,0
style.css,138,css,59cb4a7a,Bryan Cruz,2025-10-10,21:25:14,-07:00,2025-10-10T21:25:14-07:00,0,6
style.css,139,css,59cb4a7a,Bryan Cruz,2025-10-10,21:25:14,-07:00,2025-10-10T21:25:14-07:00,1,14
style.css,140,css,8d7ccc7e,Bryan Cruz,2025-10-17,19:50:12,-07:00,2025-10-17T19:50:12-07:00,1,16
style.css,141,css,1f6537c4,Bryan Cruz,2025-10-10,21:30:20,-07:00,2025-10-10T21:30:20-07:00,1,15
style.css,142,css,59cb4a7a,Bryan Cruz,2025-10-10,21:25:14,-07:00,2025-10-10T21:25:14-07:00,0,0
style.css,143,css,59cb4a7a,Bryan Cruz,2025-10-10,21:25:14,-07:00,2025-10-10T21:25:14-07:00,0,0
style.css,144,css,59cb4a7a,Bryan Cruz,2025-10-10,21:25:14,-07:00,2025-10-10T21:25:14-07:00,0,6
style.css,145,css,59cb4a7a,Bryan Cruz,2025-10-10,21:25:14,-07:00,2025-10-10T21:25:14-07:00,1,20
style.css,146,css,59cb4a7a,Bryan Cruz,2025-10-10,21:25:14,-07:00,2025-10-10T21:25:14-07:00,0,0
style.css,147,css,93c5186a,Bryan Cruz,2025-10-24,22:56:53,-07:00,2025-10-24T22:56:53-07:00,0,0
style.css,148,css,93c5186a,Bryan Cruz,2025-10-24,22:56:53,-07:00,2025-10-24T22:56:53-07:00,0,17
style.css,149,css,93c5186a,Bryan Cruz,2025-10-24,22:56:53,-07:00,2025-10-24T22:56:53-07:00,1,12
style.css,150,css,93c5186a,Bryan Cruz,2025-10-24,22:56:53,-07:00,2025-10-24T22:56:53-07:00,1,36
style.css,151,css,93c5186a,Bryan Cruz,2025-10-24,22:56:53,-07:00,2025-10-24T22:56:53-07:00,1,15
style.css,152,css,93c5186a,Bryan Cruz,2025-10-24,22:56:53,-07:00,2025-10-24T22:56:53-07:00,1,17
style.css,153,css,93c5186a,Bryan Cruz,2025-10-24,22:56:53,-07:00,2025-10-24T22:56:53-07:00,0,0
style.css,154,css,93c5186a,Bryan Cruz,2025-10-24,22:56:53,-07:00,2025-10-24T22:56:53-07:00,0,0
style.css,155,css,93c5186a,Bryan Cruz,2025-10-24,22:56:53,-07:00,2025-10-24T22:56:53-07:00,0,17
style.css,156,css,93c5186a,Bryan Cruz,2025-10-24,22:56:53,-07:00,2025-10-24T22:56:53-07:00,1,16
style.css,157,css,93c5186a,Bryan Cruz,2025-10-24,22:56:53,-07:00,2025-10-24T22:56:53-07:00,1,10
style.css,158,css,93c5186a,Bryan Cruz,2025-10-24,22:56:53,-07:00,2025-10-24T22:56:53-07:00,0,0
style.css,159,css,93c5186a,Bryan Cruz,2025-10-24,22:56:53,-07:00,2025-10-24T22:56:53-07:00,0,0
style.css,160,css,93c5186a,Bryan Cruz,2025-10-24,22:56:53,-07:00,2025-10-24T22:56:53-07:00,0,17
style.css,161,css,93c5186a,Bryan Cruz,2025-10-24,22:56:53,-07:00,2025-10-24T22:56:53-07:00,1,8
style.css,162,css,93c5186a,Bryan Cruz,2025-10-24,22:56:53,-07:00,2025-10-24T22:56:53-07:00,1,10
style.css,163,css,93c5186a,Bryan Cruz,2025-10-24,22:56:53,-07:00,2025-10-24T22:56:53-07:00,0,0
style.css,164,css,6fa15512,bscruzin,2025-10-31,21:19:23,-07:00,2025-10-31T21:19:23-07:00,0,0
style.css,165,css,6fa15512,bscruzin,2025-10-31,21:19:23,-07:00,2025-10-31T21:19:23-07:00,0,18
style.css,166,css,6fa15512,bscruzin,2025-10-31,21:19:23,-07:00,2025-10-31T21:19:23-07:00,1,10
style.css,167,css,6fa15512,bscruzin,2025-10-31,21:19:23,-07:00,2025-10-31T21:19:23-07:00,1,14
style.css,168,css,6fa15512,bscruzin,2025-10-31,21:19:23,-07:00,2025-10-31T21:19:23-07:00,1,18
style.css,169,css,6fa15512,bscruzin,2025-10-31,21:19:23,-07:00,2025-10-31T21:19:23-07:00,1,11
style.css,170,css,6fa15512,bscruzin,2025-10-31,21:19:23,-07:00,2025-10-31T21:19:23-07:00,1,13
style.css,171,css,6fa15512,bscruzin,2025-10-31,21:19:23,-07:00,2025-10-31T21:19:23-07:00,0,0
style.css,172,css,6fa15512,bscruzin,2025-10-31,21:19:23,-07:00,2025-10-31T21:19:23-07:00,0,0
style.css,173,css,6fa15512,bscruzin,2025-10-31,21:19:23,-07:00,2025-10-31T21:19:23-07:00,0,23
style.css,174,css,6fa15512,bscruzin,2025-10-31,21:19:23,-07:00,2025-10-31T21:19:23-07:00,1,14
style.css,175,css,6fa15512,bscruzin,2025-10-31,21:19:23,-07:00,2025-10-31T21:19:23-07:00,1,16
style.css,176,css,6fa15512,bscruzin,2025-10-31,21:19:23,-07:00,2025-10-31T21:19:23-07:00,0,0
style.css,177,css,6fa15512,bscruzin,2025-10-31,21:19:23,-07:00,2025-10-31T21:19:23-07:00,0,0
style.css,178,css,6fa15512,bscruzin,2025-10-31,21:19:23,-07:00,2025-10-31T21:19:23-07:00,0,51
style.css,179,css,6fa15512,bscruzin,2025-10-31,21:19:23,-07:00,2025-10-31T21:19:23-07:00,1,11
style.css,180,css,6fa15512,bscruzin,2025-10-31,21:19:23,-07:00,2025-10-31T21:19:23-07:00,0,0
style.css,181,css,6fa15512,bscruzin,2025-10-31,21:19:23,-07:00,2025-10-31T21:19:23-07:00,0,0
style.css,182,css,6fa15512,bscruzin,2025-10-31,21:19:23,-07:00,2025-10-31T21:19:23-07:00,0,10
style.css,183,css,6fa15512,bscruzin,2025-10-31,21:19:23,-07:00,2025-10-31T21:19:23-07:00,1,12
style.css,184,css,6fa15512,bscruzin,2025-10-31,21:19:23,-07:00,2025-10-31T21:19:23-07:00,1,18
style.css,185,css,6fa15512,bscruzin,2025-10-31,21:19:23,-07:00,2025-10-31T21:19:23-07:00,1,22
style.css,186,css,6fa15512,bscruzin,2025-10-31,21:19:23,-07:00,2025-10-31T21:19:23-07:00,1,7
style.css,187,css,6fa15512,bscruzin,2025-10-31,21:19:23,-07:00,2025-10-31T21:19:23-07:00,1,14
style.css,188,css,6fa15512,bscruzin,2025-10-31,21:19:23,-07:00,2025-10-31T21:19:23-07:00,1,16
style.css,189,css,6fa15512,bscruzin,2025-10-31,21:19:23,-07:00,2025-10-31T21:19:23-07:00,0,0
style.css,190,css,6fa15512,bscruzin,2025-10-31,21:19:23,-07:00,2025-10-31T21:19:23-07:00,0,0
style.css,191,css,6fa15512,bscruzin,2025-10-31,21:19:23,-07:00,2025-10-31T21:19:23-07:00,0,14
style.css,192,css,6fa15512,bscruzin,2025-10-31,21:19:23,-07:00,2025-10-31T21:19:23-07:00,1,21
style.css,193,css,6fa15512,bscruzin,2025-10-31,21:19:23,-07:00,2025-10-31T21:19:23-07:00,1,11
style.css,194,css,6fa15512,bscruzin,2025-10-31,21:19:23,-07:00,2025-10-31T21:19:23-07:00,1,13
style.css,195,css,6fa15512,bscruzin,2025-10-31,21:19:23,-07:00,2025-10-31T21:19:23-07:00,1,13
style.css,196,css,6fa15512,bscruzin,2025-10-31,21:19:23,-07:00,2025-10-31T21:19:23-07:00,0,0
style.css,197,css,6fa15512,bscruzin,2025-10-31,21:19:23,-07:00,2025-10-31T21:19:23-07:00,0,0
style.css,198,css,6fa15512,bscruzin,2025-10-31,21:19:23,-07:00,2025-10-31T21:19:23-07:00,0,7
style.css,199,css,6fa15512,bscruzin,2025-10-31,21:19:23,-07:00,2025-10-31T21:19:23-07:00,1,6
style.css,200,css,6fa15512,bscruzin,2025-10-31,21:19:23,-07:00,2025-10-31T21:19:23-07:00,1,12
style.css,201,css,6fa15512,bscruzin,2025-10-31,21:19:23,-07:00,2025-10-31T21:19:23-07:00,1,57
style.css,202,css,6fa15512,bscruzin,2025-10-31,21:19:23,-07:00,2025-10-31T21:19:23-07:00,1,7
style.css,203,css,6fa15512,bscruzin,2025-10-31,21:19:23,-07:00,2025-10-31T21:19:23-07:00,1,11
style.css,204,css,6fa15512,bscruzin,2025-10-31,21:19:23,-07:00,2025-10-31T21:19:23-07:00,1,41
style.css,205,css,6fa15512,bscruzin,2025-10-31,21:19:23,-07:00,2025-10-31T21:19:23-07:00,1,19
style.css,206,css,6fa15512,bscruzin,2025-10-31,21:19:23,-07:00,2025-10-31T21:19:23-07:00,1,39
style.css,207,css,6fa15512,bscruzin,2025-10-31,21:19:23,-07:00,2025-10-31T21:19:23-07:00,0,0
style.css,208,css,6fa15512,bscruzin,2025-10-31,21:19:23,-07:00,2025-10-31T21:19:23-07:00,0,0
style.css,209,css,6fa15512,bscruzin,2025-10-31,21:19:23,-07:00,2025-10-31T21:19:23-07:00,0,12
style.css,210,css,6fa15512,bscruzin,2025-10-31,21:19:23,-07:00,2025-10-31T21:19:23-07:00,1,12
style.css,211,css,6fa15512,bscruzin,2025-10-31,21:19:23,-07:00,2025-10-31T21:19:23-07:00,1,18
style.css,212,css,6fa15512,bscruzin,2025-10-31,21:19:23,-07:00,2025-10-31T21:19:23-07:00,1,9
style.css,213,css,6fa15512,bscruzin,2025-10-31,21:19:23,-07:00,2025-10-31T21:19:23-07:00,1,15
style.css,214,css,6fa15512,bscruzin,2025-10-31,21:19:23,-07:00,2025-10-31T21:19:23-07:00,0,0
style.css,215,css,6fa15512,bscruzin,2025-10-31,21:19:23,-07:00,2025-10-31T21:19:23-07:00,0,0
style.css,216,css,6fa15512,bscruzin,2025-10-31,21:19:23,-07:00,2025-10-31T21:19:23-07:00,0,15
style.css,217,css,6fa15512,bscruzin,2025-10-31,21:19:23,-07:00,2025-10-31T21:19:23-07:00,1,20
style.css,218,css,6fa15512,bscruzin,2025-10-31,21:19:23,-07:00,2025-10-31T21:19:23-07:00,1,9
style.css,219,css,6fa15512,bscruzin,2025-10-31,21:19:23,-07:00,2025-10-31T21:19:23-07:00,1,18
style.css,220,css,6fa15512,bscruzin,2025-10-31,21:19:23,-07:00,2025-10-31T21:19:23-07:00,1,29
style.css,221,css,6fa15512,bscruzin,2025-10-31,21:19:23,-07:00,2025-10-31T21:19:23-07:00,1,20
style.css,222,css,6fa15512,bscruzin,2025-10-31,21:19:23,-07:00,2025-10-31T21:19:23-07:00,1,21
style.css,223,css,6fa15512,bscruzin,2025-10-31,21:19:23,-07:00,2025-10-31T21:19:23-07:00,0,0
style.css,224,css,6fa15512,bscruzin,2025-10-31,21:19:23,-07:00,2025-10-31T21:19:23-07:00,0,0
style.css,225,css,6fa15512,bscruzin,2025-10-31,21:19:23,-07:00,2025-10-31T21:19:23-07:00,0,10
style.css,226,css,6fa15512,bscruzin,2025-10-31,21:19:23,-07:00,2025-10-31T21:19:23-07:00,1,13
style.css,227,css,6fa15512,bscruzin,2025-10-31,21:19:23,-07:00,2025-10-31T21:19:23-07:00,1,23
style.css,228,css,6fa15512,bscruzin,2025-10-31,21:19:23,-07:00,2025-10-31T21:19:23-07:00,1,21
style.css,229,css,6fa15512,bscruzin,2025-10-31,21:19:23,-07:00,2025-10-31T21:19:23-07:00,1,10
style.css,230,css,6fa15512,bscruzin,2025-10-31,21:19:23,-07:00,2025-10-31T21:19:23-07:00,1,14
style.css,231,css,6fa15512,bscruzin,2025-10-31,21:19:23,-07:00,2025-10-31T21:19:23-07:00,1,15
style.css,232,css,6fa15512,bscruzin,2025-10-31,21:19:23,-07:00,2025-10-31T21:19:23-07:00,1,43
style.css,233,css,6fa15512,bscruzin,2025-10-31,21:19:23,-07:00,2025-10-31T21:19:23-07:00,1,19
style.css,234,css,6fa15512,bscruzin,2025-10-31,21:19:23,-07:00,2025-10-31T21:19:23-07:00,1,39
style.css,235,css,6fa15512,bscruzin,2025-10-31,21:19:23,-07:00,2025-10-31T21:19:23-07:00,1,13
style.css,236,css,6fa15512,bscruzin,2025-10-31,21:19:23,-07:00,2025-10-31T21:19:23-07:00,0,0
style.css,237,css,6fa15512,bscruzin,2025-10-31,21:19:23,-07:00,2025-10-31T21:19:23-07:00,0,0
style.css,238,css,6fa15512,bscruzin,2025-10-31,21:19:23,-07:00,2025-10-31T21:19:23-07:00,0,9
style.css,239,css,6fa15512,bscruzin,2025-10-31,21:19:23,-07:00,2025-10-31T21:19:23-07:00,1,35
style.css,240,css,6fa15512,bscruzin,2025-10-31,21:19:23,-07:00,2025-10-31T21:19:23-07:00,0,0
style.css,241,css,6fa15512,bscruzin,2025-10-31,21:19:23,-07:00,2025-10-31T21:19:23-07:00,0,0
style.css,242,css,6fa15512,bscruzin,2025-10-31,21:19:23,-07:00,2025-10-31T21:19:23-07:00,0,18
style.css,243,css,6fa15512,bscruzin,2025-10-31,21:19:23,-07:00,2025-10-31T21:19:23-07:00,1,17
style.css,244,css,6fa15512,bscruzin,2025-10-31,21:19:23,-07:00,2025-10-31T21:19:23-07:00,0,0
index.js,1,js,9385b6e0,Bryan Cruz,2025-10-24,22:39:48,-07:00,2025-10-24T22:39:48-07:00,0,71
index.js,2,js,b3c03506,Bryan Cruz,2025-10-24,22:10:15,-07:00,2025-10-24T22:10:15-07:00,0,0
index.js,3,js,b3c03506,Bryan Cruz,2025-10-24,22:10:15,-07:00,2025-10-24T22:10:15-07:00,0,18
index.js,4,js,b3c03506,Bryan Cruz,2025-10-24,22:10:15,-07:00,2025-10-24T22:10:15-07:00,1,54
index.js,5,js,b3c03506,Bryan Cruz,2025-10-24,22:10:15,-07:00,2025-10-24T22:10:15-07:00,0,0
index.js,6,js,b3c03506,Bryan Cruz,2025-10-24,22:10:15,-07:00,2025-10-24T22:10:15-07:00,1,14
index.js,7,js,b3c03506,Bryan Cruz,2025-10-24,22:10:15,-07:00,2025-10-24T22:10:15-07:00,2,35
index.js,8,js,b3c03506,Bryan Cruz,2025-10-24,22:10:15,-07:00,2025-10-24T22:10:15-07:00,2,5
index.js,9,js,b3c03506,Bryan Cruz,2025-10-24,22:10:15,-07:00,2025-10-24T22:10:15-07:00,1,0
index.js,10,js,b3c03506,Bryan Cruz,2025-10-24,22:10:15,-07:00,2025-10-24T22:10:15-07:00,0,0
index.js,11,js,b3c03506,Bryan Cruz,2025-10-24,22:10:15,-07:00,2025-10-24T22:10:15-07:00,1,42
index.js,12,js,b3c03506,Bryan Cruz,2025-10-24,22:10:15,-07:00,2025-10-24T22:10:15-07:00,0,0
index.js,13,js,b3c03506,Bryan Cruz,2025-10-24,22:10:15,-07:00,2025-10-24T22:10:15-07:00,1,60
index.js,14,js,b3c03506,Bryan Cruz,2025-10-24,22:10:15,-07:00,2025-10-24T22:10:15-07:00,0,0
index.js,15,js,b3c03506,Bryan Cruz,2025-10-24,22:10:15,-07:00,2025-10-24T22:10:15-07:00,1,23
index.js,16,js,b3c03506,Bryan Cruz,2025-10-24,22:10:15,-07:00,2025-10-24T22:10:15-07:00,2,57
index.js,17,js,b3c03506,Bryan Cruz,2025-10-24,22:10:15,-07:00,2025-10-24T22:10:15-07:00,2,5
index.js,18,js,b3c03506,Bryan Cruz,2025-10-24,22:10:15,-07:00,2025-10-24T22:10:15-07:00,1,0
index.js,19,js,b3c03506,Bryan Cruz,2025-10-24,22:10:15,-07:00,2025-10-24T22:10:15-07:00,1,0
index.js,20,js,b3c03506,Bryan Cruz,2025-10-24,22:10:15,-07:00,2025-10-24T22:10:15-07:00,1,54
index.js,21,js,9385b6e0,Bryan Cruz,2025-10-24,22:39:48,-07:00,2025-10-24T22:39:48-07:00,0,0
index.js,22,js,9385b6e0,Bryan Cruz,2025-10-24,22:39:48,-07:00,2025-10-24T22:39:48-07:00,1,51
index.js,23,js,01fc22f9,Bryan Cruz,2025-10-24,22:45:51,-07:00,2025-10-24T22:45:51-07:00,1,60
index.js,24,js,ffdffd34,Bryan Cruz,2025-10-24,22:48:48,-07:00,2025-10-24T22:48:48-07:00,0,0
index.js,25,js,ffdffd34,Bryan Cruz,2025-10-24,22:48:48,-07:00,2025-10-24T22:48:48-07:00,1,17
index.js,26,js,ffdffd34,Bryan Cruz,2025-10-24,22:48:48,-07:00,2025-10-24T22:48:48-07:00,1,24
index.js,27,js,ffdffd34,Bryan Cruz,2025-10-24,22:48:48,-07:00,2025-10-24T22:48:48-07:00,4,2
index.js,28,js,ffdffd34,Bryan Cruz,2025-10-24,22:48:48,-07:00,2025-10-24T22:48:48-07:00,5,55
index.js,29,js,ffdffd34,Bryan Cruz,2025-10-24,22:48:48,-07:00,2025-10-24T22:48:48-07:00,5,55
index.js,30,js,ffdffd34,Bryan Cruz,2025-10-24,22:48:48,-07:00,2025-10-24T22:48:48-07:00,5,49
index.js,31,js,ffdffd34,Bryan Cruz,2025-10-24,22:48:48,-07:00,2025-10-24T22:48:48-07:00,5,49
index.js,32,js,ffdffd34,Bryan Cruz,2025-10-24,22:48:48,-07:00,2025-10-24T22:48:48-07:00,4,3
index.js,33,js,ffdffd34,Bryan Cruz,2025-10-24,22:48:48,-07:00,2025-10-24T22:48:48-07:00,2,0
index.js,34,js,ffdffd34,Bryan Cruz,2025-10-24,22:48:48,-07:00,2025-10-24T22:48:48-07:00,1,0
index.js,35,js,b3c03506,Bryan Cruz,2025-10-24,22:10:15,-07:00,2025-10-24T22:10:15-07:00,0,3
index.html,1,html,c8b5b1c2,bscruzin,2025-10-03,01:10:00,-07:00,2025-10-03T01:10:00-07:00,0,13
index.html,2,html,c8b5b1c2,bscruzin,2025-10-03,01:10:00,-07:00,2025-10-03T01:10:00-07:00,0,14
index.html,3,html,c8b5b1c2,bscruzin,2025-10-03,01:10:00,-07:00,2025-10-03T01:10:00-07:00,0,4
index.html,4,html,c8b5b1c2,bscruzin,2025-10-03,01:10:00,-07:00,2025-10-03T01:10:00-07:00,2,20
index.html,5,html,c8b5b1c2,bscruzin,2025-10-03,01:10:00,-07:00,2025-10-03T01:10:00-07:00,2,68
index.html,6,html,c8b5b1c2,bscruzin,2025-10-03,01:10:00,-07:00,2025-10-03T01:10:00-07:00,2,52
index.html,7,html,ff4ca58c,Bryan Cruz,2025-10-09,23:06:44,-07:00,2025-10-09T23:06:44-07:00,2,38
index.html,8,html,ff4ca58c,Bryan Cruz,2025-10-09,23:06:44,-07:00,2025-10-09T23:06:44-07:00,0,5
index.html,9,html,ff4ca58c,Bryan Cruz,2025-10-09,23:06:44,-07:00,2025-10-09T23:06:44-07:00,0,4
index.html,10,html,f1a3e611,Bryan Cruz,2025-10-17,16:36:43,-07:00,2025-10-17T16:36:43-07:00,2,8
index.html,11,html,f076c0cf,Bryan Cruz,2025-10-17,15:33:17,-07:00,2025-10-17T15:33:17-07:00,2,27
index.html,12,html,c320e14a,Bryan Cruz,2025-10-04,02:06:10,-07:00,2025-10-04T02:06:10-07:00,2,40
index.html,13,html,c320e14a,Bryan Cruz,2025-10-04,02:06:10,-07:00,2025-10-04T02:06:10-07:00,2,38
index.html,14,html,c320e14a,Bryan Cruz,2025-10-04,02:06:10,-07:00,2025-10-04T02:06:10-07:00,2,18
index.html,15,html,1be3a89c,Bryan Cruz,2025-10-03,20:18:04,-07:00,2025-10-03T20:18:04-07:00,2,63
index.html,16,html,f1a3e611,Bryan Cruz,2025-10-17,16:36:43,-07:00,2025-10-17T16:36:43-07:00,2,8
index.html,17,html,c8b5b1c2,bscruzin,2025-10-03,01:10:00,-07:00,2025-10-03T01:10:00-07:00,2,17
index.html,18,html,c8b5b1c2,bscruzin,2025-10-03,01:10:00,-07:00,2025-10-03T01:10:00-07:00,2,24
index.html,19,html,c8b5b1c2,bscruzin,2025-10-03,01:10:00,-07:00,2025-10-03T01:10:00-07:00,4,22
index.html,20,html,c8b5b1c2,bscruzin,2025-10-03,01:10:00,-07:00,2025-10-03T01:10:00-07:00,4,27
index.html,21,html,1be3a89c,Bryan Cruz,2025-10-03,20:18:04,-07:00,2025-10-03T20:18:04-07:00,2,73
index.html,22,html,ac6d808c,Bryan Cruz,2025-10-24,22:54:24,-07:00,2025-10-24T22:54:24-07:00,2,0
index.html,23,html,b48f2208,Bryan Cruz,2025-10-24,22:14:05,-07:00,2025-10-24T22:14:05-07:00,2,22
index.html,24,html,b48f2208,Bryan Cruz,2025-10-24,22:14:05,-07:00,2025-10-24T22:14:05-07:00,2,20
index.html,25,html,b48f2208,Bryan Cruz,2025-10-24,22:14:05,-07:00,2025-10-24T22:14:05-07:00,4,49
index.html,26,html,b48f2208,Bryan Cruz,2025-10-24,22:14:05,-07:00,2025-10-24T22:14:05-07:00,2,4
index.html,27,html,ac6d808c,Bryan Cruz,2025-10-24,22:54:24,-07:00,2025-10-24T22:54:24-07:00,0,0
index.html,28,html,ac6d808c,Bryan Cruz,2025-10-24,22:54:24,-07:00,2025-10-24T22:54:24-07:00,2,27
index.html,29,html,ac6d808c,Bryan Cruz,2025-10-24,22:54:24,-07:00,2025-10-24T22:54:24-07:00,2,22
index.html,30,html,ac6d808c,Bryan Cruz,2025-10-24,22:54:24,-07:00,2025-10-24T22:54:24-07:00,4,47
index.html,31,html,ac6d808c,Bryan Cruz,2025-10-24,22:54:24,-07:00,2025-10-24T22:54:24-07:00,2,4
index.html,32,html,c24ae730,Bryan Cruz,2025-10-17,14:55:08,-07:00,2025-10-17T14:55:08-07:00,2,45
index.html,33,html,b48f2208,Bryan Cruz,2025-10-24,22:14:05,-07:00,2025-10-24T22:14:05-07:00,2,50
index.html,34,html,c8b5b1c2,bscruzin,2025-10-03,01:10:00,-07:00,2025-10-03T01:10:00-07:00,0,5
index.html,35,html,9276d0fb,Bryan Cruz,2025-10-03,19:38:49,-07:00,2025-10-03T19:38:49-07:00,0,5
global.js,1,js,b5600496,Bryan Cruz,2025-10-17,14:45:00,-07:00,2025-10-17T14:45:00-07:00,0,25
global.js,2,js,b5600496,Bryan Cruz,2025-10-17,14:45:00,-07:00,2025-10-17T14:45:00-07:00,0,0
global.js,3,js,b5600496,Bryan Cruz,2025-10-17,14:45:00,-07:00,2025-10-17T14:45:00-07:00,0,41
global.js,4,js,b5600496,Bryan Cruz,2025-10-17,14:45:00,-07:00,2025-10-17T14:45:00-07:00,1,52
global.js,5,js,b5600496,Bryan Cruz,2025-10-17,14:45:00,-07:00,2025-10-17T14:45:00-07:00,0,0
global.js,6,js,8354ab6e,Bryan Cruz,2025-10-17,15:55:59,-07:00,2025-10-17T15:55:59-07:00,0,0
global.js,7,js,d9f50ddb,Bryan Cruz,2025-10-24,20:28:39,-07:00,2025-10-24T20:28:39-07:00,0,36
global.js,8,js,d9f50ddb,Bryan Cruz,2025-10-24,20:28:39,-07:00,2025-10-24T20:28:39-07:00,1,3
global.js,9,js,d9f50ddb,Bryan Cruz,2025-10-24,20:28:39,-07:00,2025-10-24T20:28:39-07:00,2,39
global.js,10,js,d9f50ddb,Bryan Cruz,2025-10-24,20:28:39,-07:00,2025-10-24T20:28:39-07:00,2,32
global.js,11,js,d9f50ddb,Bryan Cruz,2025-10-24,20:28:39,-07:00,2025-10-24T20:28:39-07:00,0,0
global.js,12,js,d9f50ddb,Bryan Cruz,2025-10-24,20:28:39,-07:00,2025-10-24T20:28:39-07:00,0,19
global.js,13,js,d9f50ddb,Bryan Cruz,2025-10-24,20:28:39,-07:00,2025-10-24T20:28:39-07:00,0,0
global.js,14,js,d9f50ddb,Bryan Cruz,2025-10-24,20:28:39,-07:00,2025-10-24T20:28:39-07:00,0,17
global.js,15,js,d9f50ddb,Bryan Cruz,2025-10-24,20:28:39,-07:00,2025-10-24T20:28:39-07:00,0,66
global.js,16,js,d9f50ddb,Bryan Cruz,2025-10-24,20:28:39,-07:00,2025-10-24T20:28:39-07:00,0,0
global.js,17,js,d9f50ddb,Bryan Cruz,2025-10-24,20:28:39,-07:00,2025-10-24T20:28:39-07:00,0,33
global.js,18,js,d9f50ddb,Bryan Cruz,2025-10-24,20:28:39,-07:00,2025-10-24T20:28:39-07:00,0,10
global.js,19,js,d9f50ddb,Bryan Cruz,2025-10-24,20:28:39,-07:00,2025-10-24T20:28:39-07:00,0,0
global.js,20,js,d9f50ddb,Bryan Cruz,2025-10-24,20:28:39,-07:00,2025-10-24T20:28:39-07:00,1,15
global.js,21,js,d9f50ddb,Bryan Cruz,2025-10-24,20:28:39,-07:00,2025-10-24T20:28:39-07:00,2,59
global.js,22,js,d9f50ddb,Bryan Cruz,2025-10-24,20:28:39,-07:00,2025-10-24T20:28:39-07:00,1,0
global.js,23,js,d9f50ddb,Bryan Cruz,2025-10-24,20:28:39,-07:00,2025-10-24T20:28:39-07:00,0,0
global.js,24,js,d9f50ddb,Bryan Cruz,2025-10-24,20:28:39,-07:00,2025-10-24T20:28:39-07:00,0,0
global.js,25,js,9c2cd69a,Bryan Cruz,2025-10-17,17:02:16,-07:00,2025-10-17T17:02:16-07:00,0,11
global.js,26,js,9c2cd69a,Bryan Cruz,2025-10-17,17:02:16,-07:00,2025-10-17T17:02:16-07:00,1,24
global.js,27,js,9c2cd69a,Bryan Cruz,2025-10-17,17:02:16,-07:00,2025-10-17T17:02:16-07:00,1,37
global.js,28,js,9d2d3562,Bryan Cruz,2025-10-17,17:09:54,-07:00,2025-10-17T17:09:54-07:00,1,35
global.js,29,js,9c2cd69a,Bryan Cruz,2025-10-17,17:02:16,-07:00,2025-10-17T17:02:16-07:00,1,25
global.js,30,js,9c2cd69a,Bryan Cruz,2025-10-17,17:02:16,-07:00,2025-10-17T17:02:16-07:00,1,54
global.js,31,js,9c2cd69a,Bryan Cruz,2025-10-17,17:02:16,-07:00,2025-10-17T17:02:16-07:00,1,0
global.js,32,js,cb35dfe3,Bryan Cruz,2025-10-17,16:02:48,-07:00,2025-10-17T16:02:48-07:00,0,0
global.js,33,js,9c2cd69a,Bryan Cruz,2025-10-17,17:02:16,-07:00,2025-10-17T17:02:16-07:00,0,88
global.js,34,js,9c2cd69a,Bryan Cruz,2025-10-17,17:02:16,-07:00,2025-10-17T17:02:16-07:00,1,36
global.js,35,js,9c2cd69a,Bryan Cruz,2025-10-17,17:02:16,-07:00,2025-10-17T17:02:16-07:00,1,48
global.js,36,js,9c2cd69a,Bryan Cruz,2025-10-17,17:02:16,-07:00,2025-10-17T17:02:16-07:00,0,0
global.js,37,js,9c2cd69a,Bryan Cruz,2025-10-17,17:02:16,-07:00,2025-10-17T17:02:16-07:00,0,38
global.js,38,js,9c2cd69a,Bryan Cruz,2025-10-17,17:02:16,-07:00,2025-10-17T17:02:16-07:00,0,25
global.js,39,js,9c2cd69a,Bryan Cruz,2025-10-17,17:02:16,-07:00,2025-10-17T17:02:16-07:00,0,0
global.js,40,js,9c2cd69a,Bryan Cruz,2025-10-17,17:02:16,-07:00,2025-10-17T17:02:16-07:00,0,20
global.js,41,js,13999b55,Bryan Cruz,2025-10-17,17:34:44,-07:00,2025-10-17T17:34:44-07:00,1,62
global.js,42,js,9c2cd69a,Bryan Cruz,2025-10-17,17:02:16,-07:00,2025-10-17T17:02:16-07:00,1,18
global.js,43,js,d9425788,Bryan Cruz,2025-10-17,17:28:26,-07:00,2025-10-17T17:28:26-07:00,1,0
global.js,44,js,d9425788,Bryan Cruz,2025-10-17,17:28:26,-07:00,2025-10-17T17:28:26-07:00,1,34
global.js,45,js,d9425788,Bryan Cruz,2025-10-17,17:28:26,-07:00,2025-10-17T17:28:26-07:00,1,11
global.js,46,js,d9425788,Bryan Cruz,2025-10-17,17:28:26,-07:00,2025-10-17T17:28:26-07:00,1,22
global.js,47,js,d9425788,Bryan Cruz,2025-10-17,17:28:26,-07:00,2025-10-17T17:28:26-07:00,0,0
global.js,48,js,d9425788,Bryan Cruz,2025-10-17,17:28:26,-07:00,2025-10-17T17:28:26-07:00,1,17
global.js,49,js,d9425788,Bryan Cruz,2025-10-17,17:28:26,-07:00,2025-10-17T17:28:26-07:00,2,8
global.js,50,js,d9425788,Bryan Cruz,2025-10-17,17:28:26,-07:00,2025-10-17T17:28:26-07:00,2,58
global.js,51,js,d9425788,Bryan Cruz,2025-10-17,17:28:26,-07:00,2025-10-17T17:28:26-07:00,1,0
global.js,52,js,d9425788,Bryan Cruz,2025-10-17,17:28:26,-07:00,2025-10-17T17:28:26-07:00,0,0
global.js,53,js,d9425788,Bryan Cruz,2025-10-17,17:28:26,-07:00,2025-10-17T17:28:26-07:00,1,50
global.js,54,js,d9425788,Bryan Cruz,2025-10-17,17:28:26,-07:00,2025-10-17T17:28:26-07:00,1,29
global.js,55,js,d9425788,Bryan Cruz,2025-10-17,17:28:26,-07:00,2025-10-17T17:28:26-07:00,2,18
global.js,56,js,d9425788,Bryan Cruz,2025-10-17,17:28:26,-07:00,2025-10-17T17:28:26-07:00,1,0
global.js,57,js,d9425788,Bryan Cruz,2025-10-17,17:28:26,-07:00,2025-10-17T17:28:26-07:00,0,0
global.js,58,js,d9425788,Bryan Cruz,2025-10-17,17:28:26,-07:00,2025-10-17T17:28:26-07:00,1,12
global.js,59,js,9c2cd69a,Bryan Cruz,2025-10-17,17:02:16,-07:00,2025-10-17T17:02:16-07:00,0,0
global.js,60,js,832d5135,Bryan Cruz,2025-10-17,18:50:30,-07:00,2025-10-17T18:50:30-07:00,0,0
global.js,61,js,832d5135,Bryan Cruz,2025-10-17,18:50:30,-07:00,2025-10-17T18:50:30-07:00,0,31
global.js,62,js,832d5135,Bryan Cruz,2025-10-17,18:50:30,-07:00,2025-10-17T18:50:30-07:00,1,11
global.js,63,js,832d5135,Bryan Cruz,2025-10-17,18:50:30,-07:00,2025-10-17T18:50:30-07:00,1,0
global.js,64,js,832d5135,Bryan Cruz,2025-10-17,18:50:30,-07:00,2025-10-17T18:50:30-07:00,0,26
global.js,65,js,832d5135,Bryan Cruz,2025-10-17,18:50:30,-07:00,2025-10-17T18:50:30-07:00,0,4
global.js,66,js,832d5135,Bryan Cruz,2025-10-17,18:50:30,-07:00,2025-10-17T18:50:30-07:00,0,6
global.js,67,js,832d5135,Bryan Cruz,2025-10-17,18:50:30,-07:00,2025-10-17T18:50:30-07:00,0,52
global.js,68,js,832d5135,Bryan Cruz,2025-10-17,18:50:30,-07:00,2025-10-17T18:50:30-07:00,3,34
global.js,69,js,832d5135,Bryan Cruz,2025-10-17,18:50:30,-07:00,2025-10-17T18:50:30-07:00,3,32
global.js,70,js,832d5135,Bryan Cruz,2025-10-17,18:50:30,-07:00,2025-10-17T18:50:30-07:00,0,7
global.js,71,js,832d5135,Bryan Cruz,2025-10-17,18:50:30,-07:00,2025-10-17T18:50:30-07:00,0,8
global.js,72,js,832d5135,Bryan Cruz,2025-10-17,18:50:30,-07:00,2025-10-17T18:50:30-07:00,0,0
global.js,73,js,832d5135,Bryan Cruz,2025-10-17,18:50:30,-07:00,2025-10-17T18:50:30-07:00,0,0
global.js,74,js,03467a0e,Bryan Cruz,2025-10-17,19:33:39,-07:00,2025-10-17T19:33:39-07:00,0,60
global.js,75,js,03467a0e,Bryan Cruz,2025-10-17,19:33:39,-07:00,2025-10-17T19:33:39-07:00,0,0
global.js,76,js,72f3bd48,Bryan Cruz,2025-10-17,19:42:46,-07:00,2025-10-17T19:42:46-07:00,0,34
global.js,77,js,72f3bd48,Bryan Cruz,2025-10-17,19:42:46,-07:00,2025-10-17T19:42:46-07:00,1,37
global.js,78,js,72f3bd48,Bryan Cruz,2025-10-17,19:42:46,-07:00,2025-10-17T19:42:46-07:00,1,64
global.js,79,js,72f3bd48,Bryan Cruz,2025-10-17,19:42:46,-07:00,2025-10-17T19:42:46-07:00,1,19
global.js,80,js,72f3bd48,Bryan Cruz,2025-10-17,19:42:46,-07:00,2025-10-17T19:42:46-07:00,0,0
global.js,81,js,03467a0e,Bryan Cruz,2025-10-17,19:33:39,-07:00,2025-10-17T19:33:39-07:00,0,0
global.js,82,js,72f3bd48,Bryan Cruz,2025-10-17,19:42:46,-07:00,2025-10-17T19:42:46-07:00,0,49
global.js,83,js,72f3bd48,Bryan Cruz,2025-10-17,19:42:46,-07:00,2025-10-17T19:42:46-07:00,0,32
global.js,84,js,72f3bd48,Bryan Cruz,2025-10-17,19:42:46,-07:00,2025-10-17T19:42:46-07:00,0,45
global.js,85,js,72f3bd48,Bryan Cruz,2025-10-17,19:42:46,-07:00,2025-10-17T19:42:46-07:00,0,65
global.js,86,js,72f3bd48,Bryan Cruz,2025-10-17,19:42:46,-07:00,2025-10-17T19:42:46-07:00,0,32
global.js,87,js,03467a0e,Bryan Cruz,2025-10-17,19:33:39,-07:00,2025-10-17T19:33:39-07:00,0,1
global.js,88,js,03467a0e,Bryan Cruz,2025-10-17,19:33:39,-07:00,2025-10-17T19:33:39-07:00,0,0
global.js,89,js,20b7565a,Bryan Cruz,2025-10-17,20:03:57,-07:00,2025-10-17T20:03:57-07:00,0,42
global.js,90,js,20b7565a,Bryan Cruz,2025-10-17,20:03:57,-07:00,2025-10-17T20:03:57-07:00,0,0
global.js,91,js,20b7565a,Bryan Cruz,2025-10-17,20:03:57,-07:00,2025-10-17T20:03:57-07:00,0,49
global.js,92,js,20b7565a,Bryan Cruz,2025-10-17,20:03:57,-07:00,2025-10-17T20:03:57-07:00,1,21
global.js,93,js,20b7565a,Bryan Cruz,2025-10-17,20:03:57,-07:00,2025-10-17T20:03:57-07:00,0,0
global.js,94,js,20b7565a,Bryan Cruz,2025-10-17,20:03:57,-07:00,2025-10-17T20:03:57-07:00,1,30
global.js,95,js,20b7565a,Bryan Cruz,2025-10-17,20:03:57,-07:00,2025-10-17T20:03:57-07:00,1,14
global.js,96,js,20b7565a,Bryan Cruz,2025-10-17,20:03:57,-07:00,2025-10-17T20:03:57-07:00,0,0
global.js,97,js,20b7565a,Bryan Cruz,2025-10-17,20:03:57,-07:00,2025-10-17T20:03:57-07:00,1,31
global.js,98,js,20b7565a,Bryan Cruz,2025-10-17,20:03:57,-07:00,2025-10-17T20:03:57-07:00,2,50
global.js,99,js,20b7565a,Bryan Cruz,2025-10-17,20:03:57,-07:00,2025-10-17T20:03:57-07:00,1,0
global.js,100,js,20b7565a,Bryan Cruz,2025-10-17,20:03:57,-07:00,2025-10-17T20:03:57-07:00,0,0
global.js,101,js,20b7565a,Bryan Cruz,2025-10-17,20:03:57,-07:00,2025-10-17T20:03:57-07:00,1,45
global.js,102,js,20b7565a,Bryan Cruz,2025-10-17,20:03:57,-07:00,2025-10-17T20:03:57-07:00,1,34
global.js,103,js,20b7565a,Bryan Cruz,2025-10-17,20:03:57,-07:00,2025-10-17T20:03:57-07:00,1,18
global.js,104,js,20b7565a,Bryan Cruz,2025-10-17,20:03:57,-07:00,2025-10-17T20:03:57-07:00,0,1
global.js,105,js,20b7565a,Bryan Cruz,2025-10-17,20:03:57,-07:00,2025-10-17T20:03:57-07:00,0,0
global.js,106,js,b1ed9e0f,Bryan Cruz,2025-10-24,21:15:06,-07:00,2025-10-24T21:15:06-07:00,0,79
global.js,107,js,b1ed9e0f,Bryan Cruz,2025-10-24,21:15:06,-07:00,2025-10-24T21:15:06-07:00,0,0
global.js,108,js,b1ed9e0f,Bryan Cruz,2025-10-24,21:15:06,-07:00,2025-10-24T21:15:06-07:00,1,30
global.js,109,js,b1ed9e0f,Bryan Cruz,2025-10-24,21:15:06,-07:00,2025-10-24T21:15:06-07:00,0,0
global.js,110,js,b1ed9e0f,Bryan Cruz,2025-10-24,21:15:06,-07:00,2025-10-24T21:15:06-07:00,1,29
global.js,111,js,b1ed9e0f,Bryan Cruz,2025-10-24,21:15:06,-07:00,2025-10-24T21:15:06-07:00,2,48
global.js,112,js,b1ed9e0f,Bryan Cruz,2025-10-24,21:15:06,-07:00,2025-10-24T21:15:06-07:00,2,19
global.js,113,js,6fa15512,bscruzin,2025-10-31,21:19:23,-07:00,2025-10-31T21:19:23-07:00,2,28
global.js,114,js,b1ed9e0f,Bryan Cruz,2025-10-24,21:15:06,-07:00,2025-10-24T21:15:06-07:00,3,49
global.js,115,js,6fa15512,bscruzin,2025-10-31,21:19:23,-07:00,2025-10-31T21:19:23-07:00,2,4
global.js,116,js,b1ed9e0f,Bryan Cruz,2025-10-24,21:15:06,-07:00,2025-10-24T21:15:06-07:00,3,49
global.js,117,js,6fa15512,bscruzin,2025-10-31,21:19:23,-07:00,2025-10-31T21:19:23-07:00,2,26
global.js,118,js,b1ed9e0f,Bryan Cruz,2025-10-24,21:15:06,-07:00,2025-10-24T21:15:06-07:00,3,27
global.js,119,js,6fa15512,bscruzin,2025-10-31,21:19:23,-07:00,2025-10-31T21:19:23-07:00,3,47
global.js,120,js,6fa15512,bscruzin,2025-10-31,21:19:23,-07:00,2025-10-31T21:19:23-07:00,2,4
global.js,121,js,b1ed9e0f,Bryan Cruz,2025-10-24,21:15:06,-07:00,2025-10-24T21:15:06-07:00,2,0
global.js,122,js,b1ed9e0f,Bryan Cruz,2025-10-24,21:15:06,-07:00,2025-10-24T21:15:06-07:00,2,36
global.js,123,js,b1ed9e0f,Bryan Cruz,2025-10-24,21:15:06,-07:00,2025-10-24T21:15:06-07:00,1,0
global.js,124,js,b1ed9e0f,Bryan Cruz,2025-10-24,21:15:06,-07:00,2025-10-24T21:15:06-07:00,0,0
global.js,125,js,b1ed9e0f,Bryan Cruz,2025-10-24,21:15:06,-07:00,2025-10-24T21:15:06-07:00,0,0
global.js,126,js,8ba772d6,Bryan Cruz,2025-10-24,22:31:31,-07:00,2025-10-24T22:31:31-07:00,0,47
global.js,127,js,8ba772d6,Bryan Cruz,2025-10-24,22:31:31,-07:00,2025-10-24T22:31:31-07:00,1,3
global.js,128,js,8ba772d6,Bryan Cruz,2025-10-24,22:31:31,-07:00,2025-10-24T22:31:31-07:00,2,65
global.js,129,js,8ba772d6,Bryan Cruz,2025-10-24,22:31:31,-07:00,2025-10-24T22:31:31-07:00,1,15
global.js,130,js,8ba772d6,Bryan Cruz,2025-10-24,22:31:31,-07:00,2025-10-24T22:31:31-07:00,2,50
global.js,131,js,8ba772d6,Bryan Cruz,2025-10-24,22:31:31,-07:00,2025-10-24T22:31:31-07:00,2,10
global.js,132,js,8ba772d6,Bryan Cruz,2025-10-24,22:31:31,-07:00,2025-10-24T22:31:31-07:00,1,0
global.js,133,js,8ba772d6,Bryan Cruz,2025-10-24,22:31:31,-07:00,2025-10-24T22:31:31-07:00,0,0
global.js,134,js,8ba772d6,Bryan Cruz,2025-10-24,22:31:31,-07:00,2025-10-24T22:31:31-07:00,0,0
global.js,135,js,8ba772d6,Bryan Cruz,2025-10-24,22:31:31,-07:00,2025-10-24T22:31:31-07:00,0,0
global.js,136,js,d9425788,Bryan Cruz,2025-10-17,17:28:26,-07:00,2025-10-17T17:28:26-07:00,0,30
global.js,137,js,9c2cd69a,Bryan Cruz,2025-10-17,17:02:16,-07:00,2025-10-17T17:02:16-07:00,0,0
global.js,138,js,d9425788,Bryan Cruz,2025-10-17,17:28:26,-07:00,2025-10-17T17:28:26-07:00,0,33
global.js,139,js,d9425788,Bryan Cruz,2025-10-17,17:28:26,-07:00,2025-10-17T17:28:26-07:00,0,73
global.js,140,js,cb35dfe3,Bryan Cruz,2025-10-17,16:02:48,-07:00,2025-10-17T16:02:48-07:00,0,0
global.js,141,js,4b0b958b,Bryan Cruz,2025-10-17,16:41:49,-07:00,2025-10-17T16:41:49-07:00,0,16
global.js,142,js,4b0b958b,Bryan Cruz,2025-10-17,16:41:49,-07:00,2025-10-17T16:41:49-07:00,0,19
global.js,143,js,4b0b958b,Bryan Cruz,2025-10-17,16:41:49,-07:00,2025-10-17T16:41:49-07:00,0,40
global.js,144,js,f82d96be,Bryan Cruz,2025-10-17,16:25:40,-07:00,2025-10-17T16:25:40-07:00,0,0
global.js,145,js,4b0b958b,Bryan Cruz,2025-10-17,16:41:49,-07:00,2025-10-17T16:41:49-07:00,0,25
global.js,146,js,d9425788,Bryan Cruz,2025-10-17,17:28:26,-07:00,2025-10-17T17:28:26-07:00,0,39
projects/projects.js,1,js,6fa15512,bscruzin,2025-10-31,21:19:23,-07:00,2025-10-31T21:19:23-07:00,0,63
projects/projects.js,2,js,a02b5f41,Bryan Cruz,2025-10-24,20:57:31,-07:00,2025-10-24T20:57:31-07:00,0,55
projects/projects.js,3,js,a02b5f41,Bryan Cruz,2025-10-24,20:57:31,-07:00,2025-10-24T20:57:31-07:00,0,0
projects/projects.js,4,js,6fa15512,bscruzin,2025-10-31,21:19:23,-07:00,2025-10-31T21:19:23-07:00,0,13
projects/projects.js,5,js,6fa15512,bscruzin,2025-10-31,21:19:23,-07:00,2025-10-31T21:19:23-07:00,0,21
projects/projects.js,6,js,6fa15512,bscruzin,2025-10-31,21:19:23,-07:00,2025-10-31T21:19:23-07:00,0,0
projects/projects.js,7,js,a02b5f41,Bryan Cruz,2025-10-24,20:57:31,-07:00,2025-10-24T20:57:31-07:00,0,18
projects/projects.js,8,js,a02b5f41,Bryan Cruz,2025-10-24,20:57:31,-07:00,2025-10-24T20:57:31-07:00,1,55
projects/projects.js,9,js,a02b5f41,Bryan Cruz,2025-10-24,20:57:31,-07:00,2025-10-24T20:57:31-07:00,0,0
projects/projects.js,10,js,a02b5f41,Bryan Cruz,2025-10-24,20:57:31,-07:00,2025-10-24T20:57:31-07:00,1,14
projects/projects.js,11,js,a02b5f41,Bryan Cruz,2025-10-24,20:57:31,-07:00,2025-10-24T20:57:31-07:00,2,35
projects/projects.js,12,js,a02b5f41,Bryan Cruz,2025-10-24,20:57:31,-07:00,2025-10-24T20:57:31-07:00,2,5
projects/projects.js,13,js,a02b5f41,Bryan Cruz,2025-10-24,20:57:31,-07:00,2025-10-24T20:57:31-07:00,1,0
projects/projects.js,14,js,a02b5f41,Bryan Cruz,2025-10-24,20:57:31,-07:00,2025-10-24T20:57:31-07:00,0,0
projects/projects.js,15,js,a02b5f41,Bryan Cruz,2025-10-24,20:57:31,-07:00,2025-10-24T20:57:31-07:00,1,60
projects/projects.js,16,js,6fa15512,bscruzin,2025-10-31,21:19:23,-07:00,2025-10-31T21:19:23-07:00,1,55
projects/projects.js,17,js,6fa15512,bscruzin,2025-10-31,21:19:23,-07:00,2025-10-31T21:19:23-07:00,1,56
projects/projects.js,18,js,a02b5f41,Bryan Cruz,2025-10-24,20:57:31,-07:00,2025-10-24T20:57:31-07:00,0,0
projects/projects.js,19,js,6fa15512,bscruzin,2025-10-31,21:19:23,-07:00,2025-10-31T21:19:23-07:00,1,39
projects/projects.js,20,js,6fa15512,bscruzin,2025-10-31,21:19:23,-07:00,2025-10-31T21:19:23-07:00,2,48
projects/projects.js,21,js,a02b5f41,Bryan Cruz,2025-10-24,20:57:31,-07:00,2025-10-24T20:57:31-07:00,2,5
projects/projects.js,22,js,a02b5f41,Bryan Cruz,2025-10-24,20:57:31,-07:00,2025-10-24T20:57:31-07:00,1,0
projects/projects.js,23,js,a02b5f41,Bryan Cruz,2025-10-24,20:57:31,-07:00,2025-10-24T20:57:31-07:00,0,0
projects/projects.js,24,js,6fa15512,bscruzin,2025-10-31,21:19:23,-07:00,2025-10-31T21:19:23-07:00,1,30
projects/projects.js,25,js,6fa15512,bscruzin,2025-10-31,21:19:23,-07:00,2025-10-31T21:19:23-07:00,2,35
projects/projects.js,26,js,6fa15512,bscruzin,2025-10-31,21:19:23,-07:00,2025-10-31T21:19:23-07:00,3,41
projects/projects.js,27,js,6fa15512,bscruzin,2025-10-31,21:19:23,-07:00,2025-10-31T21:19:23-07:00,4,9
projects/projects.js,28,js,6fa15512,bscruzin,2025-10-31,21:19:23,-07:00,2025-10-31T21:19:23-07:00,4,12
projects/projects.js,29,js,6fa15512,bscruzin,2025-10-31,21:19:23,-07:00,2025-10-31T21:19:23-07:00,4,15
projects/projects.js,30,js,6fa15512,bscruzin,2025-10-31,21:19:23,-07:00,2025-10-31T21:19:23-07:00,3,17
projects/projects.js,31,js,6fa15512,bscruzin,2025-10-31,21:19:23,-07:00,2025-10-31T21:19:23-07:00,4,21
projects/projects.js,32,js,6fa15512,bscruzin,2025-10-31,21:19:23,-07:00,2025-10-31T21:19:23-07:00,4,48
projects/projects.js,33,js,f3ed46ac,Bryan Cruz,2025-10-24,21:30:04,-07:00,2025-10-24T21:30:04-07:00,0,0
projects/projects.js,34,js,6fa15512,bscruzin,2025-10-31,21:19:23,-07:00,2025-10-31T21:19:23-07:00,3,33
projects/projects.js,35,js,6fa15512,bscruzin,2025-10-31,21:19:23,-07:00,2025-10-31T21:19:23-07:00,2,1
projects/projects.js,36,js,20e19491,Bryan Cruz,2025-10-24,22:00:05,-07:00,2025-10-24T22:00:05-07:00,1,0
projects/projects.js,37,js,6fa15512,bscruzin,2025-10-31,21:19:23,-07:00,2025-10-31T21:19:23-07:00,0,0
projects/projects.js,38,js,6fa15512,bscruzin,2025-10-31,21:19:23,-07:00,2025-10-31T21:19:23-07:00,1,19
projects/projects.js,39,js,6fa15512,bscruzin,2025-10-31,21:19:23,-07:00,2025-10-31T21:19:23-07:00,0,0
projects/projects.js,40,js,6fa15512,bscruzin,2025-10-31,21:19:23,-07:00,2025-10-31T21:19:23-07:00,1,38
projects/projects.js,41,js,6fa15512,bscruzin,2025-10-31,21:19:23,-07:00,2025-10-31T21:19:23-07:00,2,42
projects/projects.js,42,js,6fa15512,bscruzin,2025-10-31,21:19:23,-07:00,2025-10-31T21:19:23-07:00,2,29
projects/projects.js,43,js,6fa15512,bscruzin,2025-10-31,21:19:23,-07:00,2025-10-31T21:19:23-07:00,0,0
projects/projects.js,44,js,6fa15512,bscruzin,2025-10-31,21:19:23,-07:00,2025-10-31T21:19:23-07:00,2,34
projects/projects.js,45,js,6fa15512,bscruzin,2025-10-31,21:19:23,-07:00,2025-10-31T21:19:23-07:00,2,29
projects/projects.js,46,js,6fa15512,bscruzin,2025-10-31,21:19:23,-07:00,2025-10-31T21:19:23-07:00,0,0
projects/projects.js,47,js,6fa15512,bscruzin,2025-10-31,21:19:23,-07:00,2025-10-31T21:19:23-07:00,2,26
projects/projects.js,48,js,6fa15512,bscruzin,2025-10-31,21:19:23,-07:00,2025-10-31T21:19:23-07:00,3,12
projects/projects.js,49,js,6fa15512,bscruzin,2025-10-31,21:19:23,-07:00,2025-10-31T21:19:23-07:00,3,14
projects/projects.js,50,js,6fa15512,bscruzin,2025-10-31,21:19:23,-07:00,2025-10-31T21:19:23-07:00,3,11
projects/projects.js,51,js,6fa15512,bscruzin,2025-10-31,21:19:23,-07:00,2025-10-31T21:19:23-07:00,2,0
projects/projects.js,52,js,6fa15512,bscruzin,2025-10-31,21:19:23,-07:00,2025-10-31T21:19:23-07:00,0,0
projects/projects.js,53,js,6fa15512,bscruzin,2025-10-31,21:19:23,-07:00,2025-10-31T21:19:23-07:00,2,50
projects/projects.js,54,js,6fa15512,bscruzin,2025-10-31,21:19:23,-07:00,2025-10-31T21:19:23-07:00,0,0
projects/projects.js,55,js,6fa15512,bscruzin,2025-10-31,21:19:23,-07:00,2025-10-31T21:19:23-07:00,2,45
projects/projects.js,56,js,6fa15512,bscruzin,2025-10-31,21:19:23,-07:00,2025-10-31T21:19:23-07:00,3,10
projects/projects.js,57,js,6fa15512,bscruzin,2025-10-31,21:19:23,-07:00,2025-10-31T21:19:23-07:00,3,10
projects/projects.js,58,js,6fa15512,bscruzin,2025-10-31,21:19:23,-07:00,2025-10-31T21:19:23-07:00,2,2
projects/projects.js,59,js,6fa15512,bscruzin,2025-10-31,21:19:23,-07:00,2025-10-31T21:19:23-07:00,2,17
projects/projects.js,60,js,6fa15512,bscruzin,2025-10-31,21:19:23,-07:00,2025-10-31T21:19:23-07:00,0,0
projects/projects.js,61,js,6fa15512,bscruzin,2025-10-31,21:19:23,-07:00,2025-10-31T21:19:23-07:00,2,59
projects/projects.js,62,js,6fa15512,bscruzin,2025-10-31,21:19:23,-07:00,2025-10-31T21:19:23-07:00,2,52
projects/projects.js,63,js,6fa15512,bscruzin,2025-10-31,21:19:23,-07:00,2025-10-31T21:19:23-07:00,2,35
projects/projects.js,64,js,6fa15512,bscruzin,2025-10-31,21:19:23,-07:00,2025-10-31T21:19:23-07:00,2,49
projects/projects.js,65,js,6fa15512,bscruzin,2025-10-31,21:19:23,-07:00,2025-10-31T21:19:23-07:00,0,0
projects/projects.js,66,js,6fa15512,bscruzin,2025-10-31,21:19:23,-07:00,2025-10-31T21:19:23-07:00,2,25
projects/projects.js,67,js,6fa15512,bscruzin,2025-10-31,21:19:23,-07:00,2025-10-31T21:19:23-07:00,3,1
projects/projects.js,68,js,6fa15512,bscruzin,2025-10-31,21:19:23,-07:00,2025-10-31T21:19:23-07:00,4,13
projects/projects.js,69,js,6fa15512,bscruzin,2025-10-31,21:19:23,-07:00,2025-10-31T21:19:23-07:00,4,25
projects/projects.js,70,js,6fa15512,bscruzin,2025-10-31,21:19:23,-07:00,2025-10-31T21:19:23-07:00,4,22
projects/projects.js,71,js,6fa15512,bscruzin,2025-10-31,21:19:23,-07:00,2025-10-31T21:19:23-07:00,4,22
projects/projects.js,72,js,6fa15512,bscruzin,2025-10-31,21:19:23,-07:00,2025-10-31T21:19:23-07:00,4,22
projects/projects.js,73,js,6fa15512,bscruzin,2025-10-31,21:19:23,-07:00,2025-10-31T21:19:23-07:00,4,51
projects/projects.js,74,js,6fa15512,bscruzin,2025-10-31,21:19:23,-07:00,2025-10-31T21:19:23-07:00,4,18
projects/projects.js,75,js,6fa15512,bscruzin,2025-10-31,21:19:23,-07:00,2025-10-31T21:19:23-07:00,5,43
projects/projects.js,76,js,6fa15512,bscruzin,2025-10-31,21:19:23,-07:00,2025-10-31T21:19:23-07:00,0,0
projects/projects.js,77,js,6fa15512,bscruzin,2025-10-31,21:19:23,-07:00,2025-10-31T21:19:23-07:00,5,45
projects/projects.js,78,js,6fa15512,bscruzin,2025-10-31,21:19:23,-07:00,2025-10-31T21:19:23-07:00,6,37
projects/projects.js,79,js,6fa15512,bscruzin,2025-10-31,21:19:23,-07:00,2025-10-31T21:19:23-07:00,5,0
projects/projects.js,80,js,6fa15512,bscruzin,2025-10-31,21:19:23,-07:00,2025-10-31T21:19:23-07:00,5,46
projects/projects.js,81,js,6fa15512,bscruzin,2025-10-31,21:19:23,-07:00,2025-10-31T21:19:23-07:00,6,60
projects/projects.js,82,js,6fa15512,bscruzin,2025-10-31,21:19:23,-07:00,2025-10-31T21:19:23-07:00,5,0
projects/projects.js,83,js,6fa15512,bscruzin,2025-10-31,21:19:23,-07:00,2025-10-31T21:19:23-07:00,0,0
projects/projects.js,84,js,6fa15512,bscruzin,2025-10-31,21:19:23,-07:00,2025-10-31T21:19:23-07:00,5,37
projects/projects.js,85,js,6fa15512,bscruzin,2025-10-31,21:19:23,-07:00,2025-10-31T21:19:23-07:00,5,31
projects/projects.js,86,js,6fa15512,bscruzin,2025-10-31,21:19:23,-07:00,2025-10-31T21:19:23-07:00,5,48
projects/projects.js,87,js,6fa15512,bscruzin,2025-10-31,21:19:23,-07:00,2025-10-31T21:19:23-07:00,5,63
projects/projects.js,88,js,6fa15512,bscruzin,2025-10-31,21:19:23,-07:00,2025-10-31T21:19:23-07:00,4,1
projects/projects.js,89,js,6fa15512,bscruzin,2025-10-31,21:19:23,-07:00,2025-10-31T21:19:23-07:00,2,1
projects/projects.js,90,js,6fa15512,bscruzin,2025-10-31,21:19:23,-07:00,2025-10-31T21:19:23-07:00,0,0
projects/projects.js,91,js,6fa15512,bscruzin,2025-10-31,21:19:23,-07:00,2025-10-31T21:19:23-07:00,2,22
projects/projects.js,92,js,6fa15512,bscruzin,2025-10-31,21:19:23,-07:00,2025-10-31T21:19:23-07:00,3,4
projects/projects.js,93,js,6fa15512,bscruzin,2025-10-31,21:19:23,-07:00,2025-10-31T21:19:23-07:00,4,11
projects/projects.js,94,js,6fa15512,bscruzin,2025-10-31,21:19:23,-07:00,2025-10-31T21:19:23-07:00,4,36
projects/projects.js,95,js,6fa15512,bscruzin,2025-10-31,21:19:23,-07:00,2025-10-31T21:19:23-07:00,4,74
projects/projects.js,96,js,6fa15512,bscruzin,2025-10-31,21:19:23,-07:00,2025-10-31T21:19:23-07:00,4,68
projects/projects.js,97,js,6fa15512,bscruzin,2025-10-31,21:19:23,-07:00,2025-10-31T21:19:23-07:00,4,18
projects/projects.js,98,js,6fa15512,bscruzin,2025-10-31,21:19:23,-07:00,2025-10-31T21:19:23-07:00,5,43
projects/projects.js,99,js,6fa15512,bscruzin,2025-10-31,21:19:23,-07:00,2025-10-31T21:19:23-07:00,0,0
projects/projects.js,100,js,6fa15512,bscruzin,2025-10-31,21:19:23,-07:00,2025-10-31T21:19:23-07:00,5,45
projects/projects.js,101,js,6fa15512,bscruzin,2025-10-31,21:19:23,-07:00,2025-10-31T21:19:23-07:00,6,37
projects/projects.js,102,js,6fa15512,bscruzin,2025-10-31,21:19:23,-07:00,2025-10-31T21:19:23-07:00,5,0
projects/projects.js,103,js,6fa15512,bscruzin,2025-10-31,21:19:23,-07:00,2025-10-31T21:19:23-07:00,5,46
projects/projects.js,104,js,6fa15512,bscruzin,2025-10-31,21:19:23,-07:00,2025-10-31T21:19:23-07:00,6,60
projects/projects.js,105,js,6fa15512,bscruzin,2025-10-31,21:19:23,-07:00,2025-10-31T21:19:23-07:00,5,0
projects/projects.js,106,js,6fa15512,bscruzin,2025-10-31,21:19:23,-07:00,2025-10-31T21:19:23-07:00,0,0
projects/projects.js,107,js,6fa15512,bscruzin,2025-10-31,21:19:23,-07:00,2025-10-31T21:19:23-07:00,5,37
projects/projects.js,108,js,6fa15512,bscruzin,2025-10-31,21:19:23,-07:00,2025-10-31T21:19:23-07:00,5,31
projects/projects.js,109,js,6fa15512,bscruzin,2025-10-31,21:19:23,-07:00,2025-10-31T21:19:23-07:00,5,48
projects/projects.js,110,js,6fa15512,bscruzin,2025-10-31,21:19:23,-07:00,2025-10-31T21:19:23-07:00,5,63
projects/projects.js,111,js,6fa15512,bscruzin,2025-10-31,21:19:23,-07:00,2025-10-31T21:19:23-07:00,4,1
projects/projects.js,112,js,6fa15512,bscruzin,2025-10-31,21:19:23,-07:00,2025-10-31T21:19:23-07:00,2,1
projects/projects.js,113,js,6fa15512,bscruzin,2025-10-31,21:19:23,-07:00,2025-10-31T21:19:23-07:00,1,0
projects/projects.js,114,js,6fa15512,bscruzin,2025-10-31,21:19:23,-07:00,2025-10-31T21:19:23-07:00,0,0
projects/projects.js,115,js,6fa15512,bscruzin,2025-10-31,21:19:23,-07:00,2025-10-31T21:19:23-07:00,1,48
projects/projects.js,116,js,6fa15512,bscruzin,2025-10-31,21:19:23,-07:00,2025-10-31T21:19:23-07:00,1,23
projects/projects.js,117,js,6fa15512,bscruzin,2025-10-31,21:19:23,-07:00,2025-10-31T21:19:23-07:00,1,63
projects/projects.js,118,js,6fa15512,bscruzin,2025-10-31,21:19:23,-07:00,2025-10-31T21:19:23-07:00,0,0
projects/projects.js,119,js,6fa15512,bscruzin,2025-10-31,21:19:23,-07:00,2025-10-31T21:19:23-07:00,1,48
projects/projects.js,120,js,6fa15512,bscruzin,2025-10-31,21:19:23,-07:00,2025-10-31T21:19:23-07:00,2,39
projects/projects.js,121,js,6fa15512,bscruzin,2025-10-31,21:19:23,-07:00,2025-10-31T21:19:23-07:00,0,0
projects/projects.js,122,js,6fa15512,bscruzin,2025-10-31,21:19:23,-07:00,2025-10-31T21:19:23-07:00,2,37
projects/projects.js,123,js,6fa15512,bscruzin,2025-10-31,21:19:23,-07:00,2025-10-31T21:19:23-07:00,0,0
projects/projects.js,124,js,6fa15512,bscruzin,2025-10-31,21:19:23,-07:00,2025-10-31T21:19:23-07:00,2,31
projects/projects.js,125,js,6fa15512,bscruzin,2025-10-31,21:19:23,-07:00,2025-10-31T21:19:23-07:00,2,48
projects/projects.js,126,js,6fa15512,bscruzin,2025-10-31,21:19:23,-07:00,2025-10-31T21:19:23-07:00,2,23
projects/projects.js,127,js,6fa15512,bscruzin,2025-10-31,21:19:23,-07:00,2025-10-31T21:19:23-07:00,2,63
projects/projects.js,128,js,6fa15512,bscruzin,2025-10-31,21:19:23,-07:00,2025-10-31T21:19:23-07:00,1,1
projects/projects.js,129,js,a02b5f41,Bryan Cruz,2025-10-24,20:57:31,-07:00,2025-10-24T20:57:31-07:00,0,3
projects/index.html,1,html,af8b5a04,Bryan Cruz,2025-10-03,19:55:05,-07:00,2025-10-03T19:55:05-07:00,0,13
projects/index.html,2,html,af8b5a04,Bryan Cruz,2025-10-03,19:55:05,-07:00,2025-10-03T19:55:05-07:00,0,14
projects/index.html,3,html,af8b5a04,Bryan Cruz,2025-10-03,19:55:05,-07:00,2025-10-03T19:55:05-07:00,0,4
projects/index.html,4,html,af8b5a04,Bryan Cruz,2025-10-03,19:55:05,-07:00,2025-10-03T19:55:05-07:00,1,20
projects/index.html,5,html,af8b5a04,Bryan Cruz,2025-10-03,19:55:05,-07:00,2025-10-03T19:55:05-07:00,1,68
projects/index.html,6,html,af8b5a04,Bryan Cruz,2025-10-03,19:55:05,-07:00,2025-10-03T19:55:05-07:00,1,21
projects/index.html,7,html,5cb72e8a,Bryan Cruz,2025-10-03,20:14:33,-07:00,2025-10-03T20:14:33-07:00,1,41
projects/index.html,8,html,af8b5a04,Bryan Cruz,2025-10-03,19:55:05,-07:00,2025-10-03T19:55:05-07:00,0,5
projects/index.html,9,html,af8b5a04,Bryan Cruz,2025-10-03,19:55:05,-07:00,2025-10-03T19:55:05-07:00,0,4
projects/index.html,10,html,e6a7fc43,Bryan Cruz,2025-10-17,16:37:36,-07:00,2025-10-17T16:37:36-07:00,1,8
projects/index.html,11,html,5cb72e8a,Bryan Cruz,2025-10-03,20:14:33,-07:00,2025-10-03T20:14:33-07:00,2,30
projects/index.html,12,html,5cb72e8a,Bryan Cruz,2025-10-03,20:14:33,-07:00,2025-10-03T20:14:33-07:00,2,43
projects/index.html,13,html,5cb72e8a,Bryan Cruz,2025-10-03,20:14:33,-07:00,2025-10-03T20:14:33-07:00,2,41
projects/index.html,14,html,0a20d99a,Bryan Cruz,2025-10-03,20:44:12,-07:00,2025-10-03T20:44:12-07:00,2,21
projects/index.html,15,html,5cb72e8a,Bryan Cruz,2025-10-03,20:14:33,-07:00,2025-10-03T20:14:33-07:00,2,63
projects/index.html,16,html,e6a7fc43,Bryan Cruz,2025-10-17,16:37:36,-07:00,2025-10-17T16:37:36-07:00,2,8
projects/index.html,17,html,4e46a6aa,Bryan Cruz,2025-10-24,21:44:01,-07:00,2025-10-24T21:44:01-07:00,1,38
projects/index.html,18,html,6fa15512,bscruzin,2025-10-31,21:19:23,-07:00,2025-10-31T21:19:23-07:00,0,0
projects/index.html,19,html,6fa15512,bscruzin,2025-10-31,21:19:23,-07:00,2025-10-31T21:19:23-07:00,1,21
projects/index.html,20,html,6fa15512,bscruzin,2025-10-31,21:19:23,-07:00,2025-10-31T21:19:23-07:00,2,58
projects/index.html,21,html,6fa15512,bscruzin,2025-10-31,21:19:23,-07:00,2025-10-31T21:19:23-07:00,2,22
projects/index.html,22,html,6fa15512,bscruzin,2025-10-31,21:19:23,-07:00,2025-10-31T21:19:23-07:00,1,4
projects/index.html,23,html,6fa15512,bscruzin,2025-10-31,21:19:23,-07:00,2025-10-31T21:19:23-07:00,1,0
projects/index.html,24,html,6fa15512,bscruzin,2025-10-31,21:19:23,-07:00,2025-10-31T21:19:23-07:00,1,4
projects/index.html,25,html,6fa15512,bscruzin,2025-10-31,21:19:23,-07:00,2025-10-31T21:19:23-07:00,1,15
projects/index.html,26,html,6fa15512,bscruzin,2025-10-31,21:19:23,-07:00,2025-10-31T21:19:23-07:00,1,11
projects/index.html,27,html,6fa15512,bscruzin,2025-10-31,21:19:23,-07:00,2025-10-31T21:19:23-07:00,1,26
projects/index.html,28,html,6fa15512,bscruzin,2025-10-31,21:19:23,-07:00,2025-10-31T21:19:23-07:00,1,33
projects/index.html,29,html,6fa15512,bscruzin,2025-10-31,21:19:23,-07:00,2025-10-31T21:19:23-07:00,1,0
projects/index.html,30,html,6fa15512,bscruzin,2025-10-31,21:19:23,-07:00,2025-10-31T21:19:23-07:00,0,0
projects/index.html,31,html,876b8e58,Bryan Cruz,2025-10-10,03:03:50,-07:00,2025-10-10T03:03:50-07:00,1,20
projects/index.html,32,html,51bbeb5f,Bryan Cruz,2025-10-24,21:19:35,-07:00,2025-10-24T21:19:35-07:00,0,0
projects/index.html,33,html,51bbeb5f,Bryan Cruz,2025-10-24,21:19:35,-07:00,2025-10-24T21:19:35-07:00,1,4
projects/index.html,34,html,6fa15512,bscruzin,2025-10-31,21:19:23,-07:00,2025-10-31T21:19:23-07:00,0,0
projects/index.html,35,html,af8b5a04,Bryan Cruz,2025-10-03,19:55:05,-07:00,2025-10-03T19:55:05-07:00,1,31
projects/index.html,36,html,51bbeb5f,Bryan Cruz,2025-10-24,21:19:35,-07:00,2025-10-24T21:19:35-07:00,1,48
projects/index.html,37,html,51bbeb5f,Bryan Cruz,2025-10-24,21:19:35,-07:00,2025-10-24T21:19:35-07:00,1,47
projects/index.html,38,html,51bbeb5f,Bryan Cruz,2025-10-24,21:19:35,-07:00,2025-10-24T21:19:35-07:00,0,0
projects/index.html,39,html,af8b5a04,Bryan Cruz,2025-10-03,19:55:05,-07:00,2025-10-03T19:55:05-07:00,0,5
projects/index.html,40,html,af8b5a04,Bryan Cruz,2025-10-03,19:55:05,-07:00,2025-10-03T19:55:05-07:00,0,5
meta/index.html,1,html,00000000,Not Committed Yet,2025-11-07,13:11:53,-08:00,2025-11-07T13:11:53-08:00,0,13
meta/index.html,2,html,00000000,Not Committed Yet,2025-11-07,13:11:53,-08:00,2025-11-07T13:11:53-08:00,0,14
meta/index.html,3,html,00000000,Not Committed Yet,2025-11-07,13:11:53,-08:00,2025-11-07T13:11:53-08:00,0,4
meta/index.html,4,html,00000000,Not Committed Yet,2025-11-07,13:11:53,-08:00,2025-11-07T13:11:53-08:00,1,20
meta/index.html,5,html,00000000,Not Committed Yet,2025-11-07,13:11:53,-08:00,2025-11-07T13:11:53-08:00,1,68
meta/index.html,6,html,00000000,Not Committed Yet,2025-11-07,13:11:53,-08:00,2025-11-07T13:11:53-08:00,1,17
meta/index.html,7,html,00000000,Not Committed Yet,2025-11-07,13:11:53,-08:00,2025-11-07T13:11:53-08:00,1,41
meta/index.html,8,html,00000000,Not Committed Yet,2025-11-07,13:11:53,-08:00,2025-11-07T13:11:53-08:00,0,5
meta/index.html,9,html,00000000,Not Committed Yet,2025-11-07,13:11:53,-08:00,2025-11-07T13:11:53-08:00,0,4
meta/index.html,10,html,00000000,Not Committed Yet,2025-11-07,13:11:53,-08:00,2025-11-07T13:11:53-08:00,1,16
meta/index.html,11,html,00000000,Not Committed Yet,2025-11-07,13:11:53,-08:00,2025-11-07T13:11:53-08:00,1,68
meta/index.html,12,html,00000000,Not Committed Yet,2025-11-07,13:11:53,-08:00,2025-11-07T13:11:53-08:00,1,48
meta/index.html,13,html,00000000,Not Committed Yet,2025-11-07,13:11:53,-08:00,2025-11-07T13:11:53-08:00,0,5
meta/index.html,14,html,00000000,Not Committed Yet,2025-11-07,13:11:53,-08:00,2025-11-07T13:11:53-08:00,0,5
cv/index.html,1,html,cc51f6e2,Bryan Cruz,2025-10-03,20:49:34,-07:00,2025-10-03T20:49:34-07:00,0,13
cv/index.html,2,html,cc51f6e2,Bryan Cruz,2025-10-03,20:49:34,-07:00,2025-10-03T20:49:34-07:00,0,14
cv/index.html,3,html,cc51f6e2,Bryan Cruz,2025-10-03,20:49:34,-07:00,2025-10-03T20:49:34-07:00,0,4
cv/index.html,4,html,cc51f6e2,Bryan Cruz,2025-10-03,20:49:34,-07:00,2025-10-03T20:49:34-07:00,1,20
cv/index.html,5,html,cc51f6e2,Bryan Cruz,2025-10-03,20:49:34,-07:00,2025-10-03T20:49:34-07:00,1,68
cv/index.html,6,html,cc51f6e2,Bryan Cruz,2025-10-03,20:49:34,-07:00,2025-10-03T20:49:34-07:00,1,15
cv/index.html,7,html,cc51f6e2,Bryan Cruz,2025-10-03,20:49:34,-07:00,2025-10-03T20:49:34-07:00,1,41
cv/index.html,8,html,cc51f6e2,Bryan Cruz,2025-10-03,20:49:34,-07:00,2025-10-03T20:49:34-07:00,0,5
cv/index.html,9,html,8b5ed158,Bryan Cruz,2025-10-10,21:23:46,-07:00,2025-10-10T21:23:46-07:00,0,17
cv/index.html,10,html,adafdb1f,Bryan Cruz,2025-10-17,16:38:58,-07:00,2025-10-17T16:38:58-07:00,1,8
cv/index.html,11,html,cc51f6e2,Bryan Cruz,2025-10-03,20:49:34,-07:00,2025-10-03T20:49:34-07:00,2,30
cv/index.html,12,html,cc51f6e2,Bryan Cruz,2025-10-03,20:49:34,-07:00,2025-10-03T20:49:34-07:00,2,33
cv/index.html,13,html,cc51f6e2,Bryan Cruz,2025-10-03,20:49:34,-07:00,2025-10-03T20:49:34-07:00,2,31
cv/index.html,14,html,cc51f6e2,Bryan Cruz,2025-10-03,20:49:34,-07:00,2025-10-03T20:49:34-07:00,2,21
cv/index.html,15,html,cc51f6e2,Bryan Cruz,2025-10-03,20:49:34,-07:00,2025-10-03T20:49:34-07:00,2,63
cv/index.html,16,html,adafdb1f,Bryan Cruz,2025-10-17,16:38:58,-07:00,2025-10-17T16:38:58-07:00,1,8
cv/index.html,17,html,cc51f6e2,Bryan Cruz,2025-10-03,20:49:34,-07:00,2025-10-03T20:49:34-07:00,0,0
cv/index.html,18,html,cc51f6e2,Bryan Cruz,2025-10-03,20:49:34,-07:00,2025-10-03T20:49:34-07:00,1,23
cv/index.html,19,html,cc51f6e2,Bryan Cruz,2025-10-03,20:49:34,-07:00,2025-10-03T20:49:34-07:00,0,0
cv/index.html,20,html,cc51f6e2,Bryan Cruz,2025-10-03,20:49:34,-07:00,2025-10-03T20:49:34-07:00,1,7
cv/index.html,21,html,cc51f6e2,Bryan Cruz,2025-10-03,20:49:34,-07:00,2025-10-03T20:49:34-07:00,2,6
cv/index.html,22,html,cc51f6e2,Bryan Cruz,2025-10-03,20:49:34,-07:00,2025-10-03T20:49:34-07:00,3,14
cv/index.html,23,html,cc51f6e2,Bryan Cruz,2025-10-03,20:49:34,-07:00,2025-10-03T20:49:34-07:00,2,7
cv/index.html,24,html,cc51f6e2,Bryan Cruz,2025-10-03,20:49:34,-07:00,2025-10-03T20:49:34-07:00,2,153
cv/index.html,25,html,cc51f6e2,Bryan Cruz,2025-10-03,20:49:34,-07:00,2025-10-03T20:49:34-07:00,1,8
cv/index.html,26,html,cc51f6e2,Bryan Cruz,2025-10-03,20:49:34,-07:00,2025-10-03T20:49:34-07:00,0,0
cv/index.html,27,html,cc51f6e2,Bryan Cruz,2025-10-03,20:49:34,-07:00,2025-10-03T20:49:34-07:00,1,7
cv/index.html,28,html,cc51f6e2,Bryan Cruz,2025-10-03,20:49:34,-07:00,2025-10-03T20:49:34-07:00,2,6
cv/index.html,29,html,cc51f6e2,Bryan Cruz,2025-10-03,20:49:34,-07:00,2025-10-03T20:49:34-07:00,3,22
cv/index.html,30,html,cc51f6e2,Bryan Cruz,2025-10-03,20:49:34,-07:00,2025-10-03T20:49:34-07:00,2,7
cv/index.html,31,html,cc51f6e2,Bryan Cruz,2025-10-03,20:49:34,-07:00,2025-10-03T20:49:34-07:00,0,0
cv/index.html,32,html,cc51f6e2,Bryan Cruz,2025-10-03,20:49:34,-07:00,2025-10-03T20:49:34-07:00,2,7
cv/index.html,33,html,cc51f6e2,Bryan Cruz,2025-10-03,20:49:34,-07:00,2025-10-03T20:49:34-07:00,3,6
cv/index.html,34,html,72c79db8,Bryan Cruz,2025-10-10,21:20:58,-07:00,2025-10-10T21:20:58-07:00,4,68
cv/index.html,35,html,72c79db8,Bryan Cruz,2025-10-10,21:20:58,-07:00,2025-10-10T21:20:58-07:00,4,90
cv/index.html,36,html,cc51f6e2,Bryan Cruz,2025-10-03,20:49:34,-07:00,2025-10-03T20:49:34-07:00,3,7
cv/index.html,37,html,cc51f6e2,Bryan Cruz,2025-10-03,20:49:34,-07:00,2025-10-03T20:49:34-07:00,3,2
cv/index.html,38,html,72c79db8,Bryan Cruz,2025-10-10,21:20:58,-07:00,2025-10-10T21:20:58-07:00,4,113
cv/index.html,39,html,72c79db8,Bryan Cruz,2025-10-10,21:20:58,-07:00,2025-10-10T21:20:58-07:00,4,85
cv/index.html,40,html,cc51f6e2,Bryan Cruz,2025-10-03,20:49:34,-07:00,2025-10-03T20:49:34-07:00,3,3
cv/index.html,41,html,cc51f6e2,Bryan Cruz,2025-10-03,20:49:34,-07:00,2025-10-03T20:49:34-07:00,2,8
cv/index.html,42,html,cc51f6e2,Bryan Cruz,2025-10-03,20:49:34,-07:00,2025-10-03T20:49:34-07:00,0,0
cv/index.html,43,html,cc51f6e2,Bryan Cruz,2025-10-03,20:49:34,-07:00,2025-10-03T20:49:34-07:00,2,7
cv/index.html,44,html,cc51f6e2,Bryan Cruz,2025-10-03,20:49:34,-07:00,2025-10-03T20:49:34-07:00,3,6
cv/index.html,45,html,cc51f6e2,Bryan Cruz,2025-10-03,20:49:34,-07:00,2025-10-03T20:49:34-07:00,4,26
cv/index.html,46,html,72c79db8,Bryan Cruz,2025-10-10,21:20:58,-07:00,2025-10-10T21:20:58-07:00,4,93
cv/index.html,47,html,cc51f6e2,Bryan Cruz,2025-10-03,20:49:34,-07:00,2025-10-03T20:49:34-07:00,3,7
cv/index.html,48,html,cc51f6e2,Bryan Cruz,2025-10-03,20:49:34,-07:00,2025-10-03T20:49:34-07:00,3,2
cv/index.html,49,html,cc51f6e2,Bryan Cruz,2025-10-03,20:49:34,-07:00,2025-10-03T20:49:34-07:00,4,80
cv/index.html,50,html,cc51f6e2,Bryan Cruz,2025-10-03,20:49:34,-07:00,2025-10-03T20:49:34-07:00,4,59
cv/index.html,51,html,cc51f6e2,Bryan Cruz,2025-10-03,20:49:34,-07:00,2025-10-03T20:49:34-07:00,3,3
cv/index.html,52,html,cc51f6e2,Bryan Cruz,2025-10-03,20:49:34,-07:00,2025-10-03T20:49:34-07:00,2,8
cv/index.html,53,html,cc51f6e2,Bryan Cruz,2025-10-03,20:49:34,-07:00,2025-10-03T20:49:34-07:00,1,8
cv/index.html,54,html,cc51f6e2,Bryan Cruz,2025-10-03,20:49:34,-07:00,2025-10-03T20:49:34-07:00,0,0
cv/index.html,55,html,cc51f6e2,Bryan Cruz,2025-10-03,20:49:34,-07:00,2025-10-03T20:49:34-07:00,1,7
cv/index.html,56,html,cc51f6e2,Bryan Cruz,2025-10-03,20:49:34,-07:00,2025-10-03T20:49:34-07:00,2,6
cv/index.html,57,html,cc51f6e2,Bryan Cruz,2025-10-03,20:49:34,-07:00,2025-10-03T20:49:34-07:00,3,16
cv/index.html,58,html,cc51f6e2,Bryan Cruz,2025-10-03,20:49:34,-07:00,2025-10-03T20:49:34-07:00,2,7
cv/index.html,59,html,cc51f6e2,Bryan Cruz,2025-10-03,20:49:34,-07:00,2025-10-03T20:49:34-07:00,2,7
cv/index.html,60,html,cc51f6e2,Bryan Cruz,2025-10-03,20:49:34,-07:00,2025-10-03T20:49:34-07:00,3,27
cv/index.html,61,html,cc51f6e2,Bryan Cruz,2025-10-03,20:49:34,-07:00,2025-10-03T20:49:34-07:00,3,119
cv/index.html,62,html,cc51f6e2,Bryan Cruz,2025-10-03,20:49:34,-07:00,2025-10-03T20:49:34-07:00,2,8
cv/index.html,63,html,cc51f6e2,Bryan Cruz,2025-10-03,20:49:34,-07:00,2025-10-03T20:49:34-07:00,1,8
cv/index.html,64,html,cc51f6e2,Bryan Cruz,2025-10-03,20:49:34,-07:00,2025-10-03T20:49:34-07:00,0,0
cv/index.html,65,html,cc51f6e2,Bryan Cruz,2025-10-03,20:49:34,-07:00,2025-10-03T20:49:34-07:00,1,7
cv/index.html,66,html,cc51f6e2,Bryan Cruz,2025-10-03,20:49:34,-07:00,2025-10-03T20:49:34-07:00,2,6
cv/index.html,67,html,cc51f6e2,Bryan Cruz,2025-10-03,20:49:34,-07:00,2025-10-03T20:49:34-07:00,3,13
cv/index.html,68,html,cc51f6e2,Bryan Cruz,2025-10-03,20:49:34,-07:00,2025-10-03T20:49:34-07:00,2,7
cv/index.html,69,html,cc51f6e2,Bryan Cruz,2025-10-03,20:49:34,-07:00,2025-10-03T20:49:34-07:00,2,2
cv/index.html,70,html,cc51f6e2,Bryan Cruz,2025-10-03,20:49:34,-07:00,2025-10-03T20:49:34-07:00,3,47
cv/index.html,71,html,cc51f6e2,Bryan Cruz,2025-10-03,20:49:34,-07:00,2025-10-03T20:49:34-07:00,3,25
cv/index.html,72,html,cc51f6e2,Bryan Cruz,2025-10-03,20:49:34,-07:00,2025-10-03T20:49:34-07:00,2,3
cv/index.html,73,html,cc51f6e2,Bryan Cruz,2025-10-03,20:49:34,-07:00,2025-10-03T20:49:34-07:00,1,8
cv/index.html,74,html,cc51f6e2,Bryan Cruz,2025-10-03,20:49:34,-07:00,2025-10-03T20:49:34-07:00,0,0
cv/index.html,75,html,cc51f6e2,Bryan Cruz,2025-10-03,20:49:34,-07:00,2025-10-03T20:49:34-07:00,1,7
cv/index.html,76,html,cc51f6e2,Bryan Cruz,2025-10-03,20:49:34,-07:00,2025-10-03T20:49:34-07:00,2,6
cv/index.html,77,html,cc51f6e2,Bryan Cruz,2025-10-03,20:49:34,-07:00,2025-10-03T20:49:34-07:00,3,12
cv/index.html,78,html,cc51f6e2,Bryan Cruz,2025-10-03,20:49:34,-07:00,2025-10-03T20:49:34-07:00,2,7
cv/index.html,79,html,cc51f6e2,Bryan Cruz,2025-10-03,20:49:34,-07:00,2025-10-03T20:49:34-07:00,2,1
cv/index.html,80,html,cc51f6e2,Bryan Cruz,2025-10-03,20:49:34,-07:00,2025-10-03T20:49:34-07:00,3,63
cv/index.html,81,html,cc51f6e2,Bryan Cruz,2025-10-03,20:49:34,-07:00,2025-10-03T20:49:34-07:00,2,2
cv/index.html,82,html,cc51f6e2,Bryan Cruz,2025-10-03,20:49:34,-07:00,2025-10-03T20:49:34-07:00,1,8
cv/index.html,83,html,4b4dc806,Bryan Cruz,2025-10-17,15:10:39,-07:00,2025-10-17T15:10:39-07:00,0,48
cv/index.html,84,html,cc51f6e2,Bryan Cruz,2025-10-03,20:49:34,-07:00,2025-10-03T20:49:34-07:00,0,5
cv/index.html,85,html,cc51f6e2,Bryan Cruz,2025-10-03,20:49:34,-07:00,2025-10-03T20:49:34-07:00,0,5
cv/index.html,86,html,b6a836a0,Bryan Cruz,2025-10-03,20:42:26,-07:00,2025-10-03T20:42:26-07:00,0,0
contact/index.html,1,html,3e20aca0,Bryan Cruz,2025-10-03,19:56:11,-07:00,2025-10-03T19:56:11-07:00,0,13
contact/index.html,2,html,3e20aca0,Bryan Cruz,2025-10-03,19:56:11,-07:00,2025-10-03T19:56:11-07:00,0,14
contact/index.html,3,html,3e20aca0,Bryan Cruz,2025-10-03,19:56:11,-07:00,2025-10-03T19:56:11-07:00,0,4
contact/index.html,4,html,3e20aca0,Bryan Cruz,2025-10-03,19:56:11,-07:00,2025-10-03T19:56:11-07:00,1,20
contact/index.html,5,html,3e20aca0,Bryan Cruz,2025-10-03,19:56:11,-07:00,2025-10-03T19:56:11-07:00,1,68
contact/index.html,6,html,3e20aca0,Bryan Cruz,2025-10-03,19:56:11,-07:00,2025-10-03T19:56:11-07:00,1,20
contact/index.html,7,html,aadf900d,Bryan Cruz,2025-10-03,20:15:55,-07:00,2025-10-03T20:15:55-07:00,1,41
contact/index.html,8,html,3e20aca0,Bryan Cruz,2025-10-03,19:56:11,-07:00,2025-10-03T19:56:11-07:00,0,5
contact/index.html,9,html,3e20aca0,Bryan Cruz,2025-10-03,19:56:11,-07:00,2025-10-03T19:56:11-07:00,0,4
contact/index.html,10,html,5691b764,Bryan Cruz,2025-10-17,16:38:28,-07:00,2025-10-17T16:38:28-07:00,1,8
contact/index.html,11,html,aadf900d,Bryan Cruz,2025-10-03,20:15:55,-07:00,2025-10-03T20:15:55-07:00,2,30
contact/index.html,12,html,aadf900d,Bryan Cruz,2025-10-03,20:15:55,-07:00,2025-10-03T20:15:55-07:00,2,43
contact/index.html,13,html,aadf900d,Bryan Cruz,2025-10-03,20:15:55,-07:00,2025-10-03T20:15:55-07:00,2,41
contact/index.html,14,html,ba970793,Bryan Cruz,2025-10-03,20:43:34,-07:00,2025-10-03T20:43:34-07:00,2,21
contact/index.html,15,html,aadf900d,Bryan Cruz,2025-10-03,20:15:55,-07:00,2025-10-03T20:15:55-07:00,2,63
contact/index.html,16,html,5691b764,Bryan Cruz,2025-10-17,16:38:28,-07:00,2025-10-17T16:38:28-07:00,2,8
contact/index.html,17,html,ba970793,Bryan Cruz,2025-10-03,20:43:34,-07:00,2025-10-03T20:43:34-07:00,1,0
contact/index.html,18,html,3e20aca0,Bryan Cruz,2025-10-03,19:56:11,-07:00,2025-10-03T19:56:11-07:00,1,14
contact/index.html,19,html,e0fc51e7,Bryan Cruz,2025-10-03,20:33:19,-07:00,2025-10-03T20:33:19-07:00,1,23
contact/index.html,20,html,7520fb36,Bryan Cruz,2025-10-03,20:28:14,-07:00,2025-10-03T20:28:14-07:00,1,0
contact/index.html,21,html,7520fb36,Bryan Cruz,2025-10-03,20:28:14,-07:00,2025-10-03T20:28:14-07:00,1,71
contact/index.html,22,html,e0fc51e7,Bryan Cruz,2025-10-03,20:33:19,-07:00,2025-10-03T20:33:19-07:00,1,5
contact/index.html,23,html,e0fc51e7,Bryan Cruz,2025-10-03,20:33:19,-07:00,2025-10-03T20:33:19-07:00,2,9
contact/index.html,24,html,e0fc51e7,Bryan Cruz,2025-10-03,20:33:19,-07:00,2025-10-03T20:33:19-07:00,2,40
contact/index.html,25,html,e0fc51e7,Bryan Cruz,2025-10-03,20:33:19,-07:00,2025-10-03T20:33:19-07:00,1,6
contact/index.html,26,html,e0fc51e7,Bryan Cruz,2025-10-03,20:33:19,-07:00,2025-10-03T20:33:19-07:00,1,6
contact/index.html,27,html,7520fb36,Bryan Cruz,2025-10-03,20:28:14,-07:00,2025-10-03T20:28:14-07:00,0,0
contact/index.html,28,html,e0fc51e7,Bryan Cruz,2025-10-03,20:33:19,-07:00,2025-10-03T20:33:19-07:00,1,5
contact/index.html,29,html,e0fc51e7,Bryan Cruz,2025-10-03,20:33:19,-07:00,2025-10-03T20:33:19-07:00,2,6
contact/index.html,30,html,e0fc51e7,Bryan Cruz,2025-10-03,20:33:19,-07:00,2025-10-03T20:33:19-07:00,2,29
contact/index.html,31,html,e0fc51e7,Bryan Cruz,2025-10-03,20:33:19,-07:00,2025-10-03T20:33:19-07:00,1,6
contact/index.html,32,html,e0fc51e7,Bryan Cruz,2025-10-03,20:33:19,-07:00,2025-10-03T20:33:19-07:00,1,6
contact/index.html,33,html,7520fb36,Bryan Cruz,2025-10-03,20:28:14,-07:00,2025-10-03T20:28:14-07:00,0,0
contact/index.html,34,html,e0fc51e7,Bryan Cruz,2025-10-03,20:33:19,-07:00,2025-10-03T20:33:19-07:00,1,5
contact/index.html,35,html,e0fc51e7,Bryan Cruz,2025-10-03,20:33:19,-07:00,2025-10-03T20:33:19-07:00,2,6
contact/index.html,36,html,e0fc51e7,Bryan Cruz,2025-10-03,20:33:19,-07:00,2025-10-03T20:33:19-07:00,2,59
contact/index.html,37,html,e0fc51e7,Bryan Cruz,2025-10-03,20:33:19,-07:00,2025-10-03T20:33:19-07:00,1,6
contact/index.html,38,html,e0fc51e7,Bryan Cruz,2025-10-03,20:33:19,-07:00,2025-10-03T20:33:19-07:00,1,6
contact/index.html,39,html,7520fb36,Bryan Cruz,2025-10-03,20:28:14,-07:00,2025-10-03T20:28:14-07:00,0,0
contact/index.html,40,html,e0fc51e7,Bryan Cruz,2025-10-03,20:33:19,-07:00,2025-10-03T20:33:19-07:00,1,19
contact/index.html,41,html,7520fb36,Bryan Cruz,2025-10-03,20:28:14,-07:00,2025-10-03T20:28:14-07:00,0,5
contact/index.html,42,html,d58f6aa0,Bryan Cruz,2025-10-17,15:10:10,-07:00,2025-10-17T15:10:10-07:00,1,48
contact/index.html,43,html,3e20aca0,Bryan Cruz,2025-10-03,19:56:11,-07:00,2025-10-03T19:56:11-07:00,0,5
contact/index.html,44,html,3e20aca0,Bryan Cruz,2025-10-03,19:56:11,-07:00,2025-10-03T19:56:11-07:00,0,5
